workbook_row,workbook_title,workbook_section,source_url,status_code,final_url,page_title,h1,meta_description,canonical_url,wordpress_api_url,modified_time,main_text_characters,heading_count,link_count,image_count,testimonial_count,form_count,content_excerpt,suggested_drupal_page,suggested_drupal_url,suggested_page_type,match_score,error
2,About IVMF,About,https://ivmf.syracuse.edu/about-ivmf/,200,https://ivmf.syracuse.edu/about-ivmf/,About IVMF - D'Aniello Institute for Veterans and Military Families,About IVMF,"The IVMF at Syracuse University is higher education’s first interdisciplinary academic institute, singularly focused on advancing the post-service lives of the nation’s military veterans and their families to serve those who have served.",https://ivmf.syracuse.edu/about-ivmf/,https://ivmf.syracuse.edu/wp-json/wp/v2/pages/244,2025-10-06T13:36:24+00:00,2530,7,5,6,1,0,"Our Mission To empower service members, veterans, and their families through actionable research, innovative programs, and insightful analytics. Syracuse University has a historic commitment to serving veterans and their families and the founding of the D’Aniello Institute for Veterans and Military Families in 2011 further expands that commitment to serve across the country and beyond. Supported by a world-class advisory board and public and private partners, our professional staff delivers unique and innovative programs in career, vocations, and entrepreneurship education and training to transitioning service members, veterans and military spouses. The IVMF also provides actionable and nationally impacting research, policy analysis and program evaluation; and works with communities and non-profits across the nation to enhance service delivery for the 19 million veterans throughout the United States and their families. 10 Years of Impact Our New Home The IVMF is proud to be a flagship ",About Us,https://ivmf.syracuse.edu/about/about-us/,Landing,0.667,
3,Team,About,https://ivmf.syracuse.edu/about-ivmf/team/,200,https://ivmf.syracuse.edu/about-ivmf/team/,Team - D'Aniello Institute for Veterans and Military Families,Team,,https://ivmf.syracuse.edu/about-ivmf/team/,https://ivmf.syracuse.edu/wp-json/wp/v2/pages/259,2026-06-16T19:19:18+00:00,15166,122,239,2,0,0,"D’Aniello Institute for Veterans and Military Families is committed to advancing the post-service lives of America’s service members, veterans and their families. Supported by a world class advisory board and public and private partners, our professional staff delivers unique and innovative programs in career, vocations, and entrepreneurship education and training to post 9/11 veterans and active duty military spouses, as well as tailored programs to veterans of all eras. The IVMF also provides actionable and national impacting research, policy analysis and program evaluation; and works with communities and non-profits across the nation to enhance service delivery for the 22.5 million veterans throughout the United States and their families. J. Michael Haynie, Ph.D. Dr. Mike Haynie is the current Chancellor and President of Syracuse University, Vice Chancellor for Strategic Initiatives & Innovation at Syracuse University, and also the Barnes Professor of Entrepreneurship. Currently, Ha",Meet the Team,https://ivmf.syracuse.edu/about/meet-the-team/,Standard,0.471,
4,History,About,https://ivmf.syracuse.edu/about-ivmf/history-timeline/,200,https://ivmf.syracuse.edu/about-ivmf/history-timeline/,History - D'Aniello Institute for Veterans and Military Families,History,,https://ivmf.syracuse.edu/about-ivmf/history-timeline/,https://ivmf.syracuse.edu/wp-json/wp/v2/pages/258,2025-04-11T15:15:10+00:00,10129,29,3,28,0,0,"Timeline 1918 & 1919 - Legacy of Military Support The University’s commitment to veterans and military students goes back at least as far as World War I, when the Students Army Training Corps (SATC) was established. In 1918, the SATC dominated much of life on campus. In 1919, it became the Reserve Officers Training Corps (ROTC). 1944 - Uniform Admissions Program Post-World War II, Chancellor William Pearson Tolley recognizes the role that higher education can play in advancing our nation’s returning veterans. He announces the University’s “uniform admissions program,” which ensures all military personnel admission to Syracuse upon return from war. 1946 - 9,464 Veteran Students Admitted Syracuse University admits 9,464 veterans, almost doubling the student body overnight. Nine-hundred Quonset huts, barracks and trailers from the War Department spring up across campus. 1947 - Leading Flexible Education Syracuse University ranks first in New York State and 17th in the nation in veteran en",Strive,https://ivmf.syracuse.edu/programs/entrepreneurship/ideation/strive/,Program,0.462,
5,BL History,About,https://ivmf.syracuse.edu/bunker-labs-a-legacy-of-impact/,200,https://ivmf.syracuse.edu/bunker-labs-a-legacy-of-impact/,Bunker Labs: A Legacy of Impact - D'Aniello Institute for Veterans and Military Families,Bunker Labs: A Legacy of Impact,,https://ivmf.syracuse.edu/bunker-labs-a-legacy-of-impact/,https://ivmf.syracuse.edu/wp-json/wp/v2/pages/95482,2025-03-07T18:21:50+00:00,6254,11,0,8,0,0,"Introduction In 2014, Todd Connor noticed the dramatic decline in veteran entrepreneurship since the postwar era, and decided to do something about it. Veterans struggled to break into the critical professional networks and access necessary capital to launch and grow their businesses. He founded Bunker Labs, and rallied not just dedicated staffers, but inspired participants to meet that challenge head on. Bunker Labs was the creation of a new community—regional groups of veteran and military spouse entrepreneurs eager to support and learn from each other. This spirit of community persevered through the Covid-19 pandemic and a shift to stronger national, virtual programming under new CEO Blake Hogan. Bunker Labs then launched ambitious, meaningful programs like Veterans in Residence, Breaking Barriers in Entrepreneurship, CEOcircle, and the Ambassador Program. These programs and networks made a difference for veteran and military spouse entrepreneurs, changing the trajectories of their ",V-Start,https://ivmf.syracuse.edu/research-evaluation-and-cii/dashboards/v-start/,Standard,0.471,
6,Impact,About,https://ivmf.syracuse.edu/about-ivmf/impact/,200,https://ivmf.syracuse.edu/about-ivmf/impact/,Impact - D'Aniello Institute for Veterans and Military Families,Impact,,https://ivmf.syracuse.edu/about-ivmf/impact/,https://ivmf.syracuse.edu/wp-json/wp/v2/pages/73479,2026-06-25T19:29:21+00:00,1569,3,20,4,1,0,"IVMF By The Numbers To date, more than 230,000 transitioning service members, veterans and military family members, were served by IVMF programs. In 2007, when we launched our very first program – before the IVMF was even founded – that number was 17. See The Numbers Annual Reports We are extremely proud of what we have been able to accomplish. Explore the different ways we impact veterans, their families, communities across the country, academic research, and policy. 2025 Annual Report 2024 Annual Report 2023 Annual Report 2022 Annual Report 2021 Annual Report 2020 Annual Report 2019 Annual Report 2018 Annual Report 2017 Annual Report 2016 Annual Report 2015 Annual Report 2014 Annual Report 2013 Annual Report 2012 Annual Report Quarterly Reports Stay up to date on our progress and impact throughout the year. Our quarterly reports offer timely insights into how we’re advancing our mission—serving veterans and military families, strengthening communities, and shaping research and policy",Impact,https://ivmf.syracuse.edu/about/impact/,Standard,1.000,
9,Why SU,About,https://ivmf.syracuse.edu/about-ivmf/connection-with-su/,200,https://ivmf.syracuse.edu/about-ivmf/connection-with-su/,Why Syracuse University - D'Aniello Institute for Veterans and Military Families,Why Syracuse University,,https://ivmf.syracuse.edu/about-ivmf/connection-with-su/,https://ivmf.syracuse.edu/wp-json/wp/v2/pages/260,2023-11-06T19:32:58+00:00,4132,5,5,5,1,0,"One of The Top Military Private Schools Syracuse University ranks among the nation’s top schools for veterans. The support of military-connected scholars is central to the University’s mission, and includes commitments to affordability, academic success, and a comfortable fit within the student body. Learn more about the history and opportunities Syracuse University offers the veteran community . History of Commitment Syracuse University’s commitment to veterans and military students goes back at least as far as World War I, when SU established a Students Army Training Corps (SATC). It continued to maintain close connections with the military during WWII with close to 18,000 faculty, students, and alumni serving in uniform. Afterwards, Unprecedented numbers of veterans used the benefits of the GI Bill of Rights to attend universities following the end of WWII. Chancellor Tolley was instrumental in advocating for and securing these rights through legislation. After the war, Tolley opene",Why SU,https://ivmf.syracuse.edu/about/why-su/,Standard,1.000,
10,Partners & Funders,About,https://ivmf.syracuse.edu/about-ivmf/partners-funders/,200,https://ivmf.syracuse.edu/about-ivmf/partners-funders/,Partners & Funders - D'Aniello Institute for Veterans and Military Families,Partners & Funders,,https://ivmf.syracuse.edu/about-ivmf/partners-funders/,https://ivmf.syracuse.edu/wp-json/wp/v2/pages/261,2025-12-08T14:48:45+00:00,8000,12,8,8,0,0,"The IVMF works with a number of entities to ensure that the quality of programming provided to our nation’s veterans and their families is second to none. From individuals to corporations, and foundations to government, we cannot begin to express how crucial our partner’s financial support is to our mission, and to the thousands of veterans, service members and families impacted each year. For that reason, we invite you to learn about the individuals and organizations that continue to make a difference through their generosity. Founding Partner JPMorganChase JPMorgan Chase & Co. and the JPMorgan Chase Foundation co-founded the IVMF at Syracuse University, the first national institute in higher education focused on social, economic, education, and policy issues impacting veterans and their families. JPMorgan Chase & Co. (NYSE: JPM) is a leading global financial services firm with assets of $2.4 trillion and operations worldwide. The Firm is a leader in investment banking, financial serv",Partners and Founders,https://ivmf.syracuse.edu/about/partners-and-founders/,Standard,0.976,
11,Programs,Top Level,https://ivmf.syracuse.edu/programs/,200,https://ivmf.syracuse.edu/programs/,Programs - D'Aniello Institute for Veterans and Military Families,Programs,"IVMF has programs for transitioning veterans looking for career training, inspiring entrepreneurs, helping communities, and furthering education.",https://ivmf.syracuse.edu/programs/,https://ivmf.syracuse.edu/wp-json/wp/v2/pages/245,2023-05-09T00:37:26+00:00,1644,4,6,5,1,0,"The IVMF and its staff of more than 70 professionals deliver class-leading programs in career, vocational and entrepreneurship education and training, providing service members, veterans and their families with the skills needed to be successful in education, work and life. The IVMF also coordinates comprehensive collective impact strategies; and works with communities and nonprofits to enhance service delivery for veterans and their families. Entrepreneurship Arm yourself for entrepreneurship success with the IVMF’s programs. Onward to Opportunity A career skills program that provides civilian career training, professional certifications and employment services support. Community Services Provides veterans, transitioning service members, and their families access to a simple and effective way to access and navigate a range of supportive services in their communities. Syracuse University Syracuse University is designated as one of the top Private School for Veterans and overall in the ",Programs,https://ivmf.syracuse.edu/programs/,Landing,1.000,
12,Our Programs,Top Level,https://ivmf.syracuse.edu/our-programs/,200,https://ivmf.syracuse.edu/our-programs/,Our Programs - D'Aniello Institute for Veterans and Military Families,Our Programs,,https://ivmf.syracuse.edu/our-programs/,https://ivmf.syracuse.edu/wp-json/wp/v2/pages/85880,2026-02-16T16:10:44+00:00,6210,36,30,0,0,0,"Career Training Onward to Opportunity A career skills program that provides civilian career training, professional certifications and employment services. Learn More About O2O Veterans for Public Office Training program for veterans and military-connected considering careers in politics. Learn About VPO Entrepreneurship Veteran EDGE EDGE is a four-day conference dedicated solely to veteran and military spouse business owners and the ecosystem that supports them. Learn More V-WISE A women-focused training program in entrepreneurship and small business management for aspiring women entrepreneurs. Learn More CEOcircle CEOcircle is a monthly peer accountability group for growth-stage companies looking to scale. Learn More EBV A cutting-edge entrepreneurship training program teaching the steps and stages of business creation and business management. Learn More EBV Accelerate Ready to take your business to the next level? EBV Accelerate is a bootcamp-style program focused on growth and tackl",Programs,https://ivmf.syracuse.edu/programs/,Landing,0.800,
13,Entreprenuership,Entreprenuership,https://ivmf.syracuse.edu/programs/entrepreneurship/,200,https://ivmf.syracuse.edu/programs/entrepreneurship/,Entrepreneurship - D'Aniello Institute for Veterans and Military Families,Entrepreneurship,,https://ivmf.syracuse.edu/programs/entrepreneurship/,https://ivmf.syracuse.edu/wp-json/wp/v2/pages/262,2026-07-06T18:14:10+00:00,2266,11,9,9,0,0,"Upcoming Programs and Events! EBV Entrepreneurship Bootcamp for Veterans (EBV) program leverages the skills, resources and infrastructure of higher education to offer cutting-edge training to post 9/11 veterans in business. Applications Open! Programs Year Round Learn More MEF A series of regionally focused entrepreneurship training events designed to connect entrepreneurs with their local business resources and entrepreneurship support partners. Interest Forms Open! Learn More Military Founders Lab 10-week virtual program provides access to business tools, resources, mentorship, and a strong peer network for veteran and military spouse entrepreneurs. Applications Open! Learn More Veteran EDGE Join hundreds of veteran and military spouse business leaders in Dallas for three days of strategy, networking, and partnering to scale your business smarter, stronger, and faster. Interest Form Open! Learn More Getting Started No matter where you are in your entrepreneurship journey, we have the",Entrepreneurship,https://ivmf.syracuse.edu/programs/entrepreneurship/,Landing,0.938,
14,Getting Started,Entreprenuership,https://ivmf.syracuse.edu/programs/entrepreneurship/getting-started/,200,https://ivmf.syracuse.edu/programs/entrepreneurship/getting-started/,Getting Started - D'Aniello Institute for Veterans and Military Families,Getting Started,,https://ivmf.syracuse.edu/programs/entrepreneurship/getting-started/,https://ivmf.syracuse.edu/wp-json/wp/v2/pages/266,2024-05-22T12:20:38+00:00,7208,18,16,1,1,0,"Arm Yourself for Entrepreneurship Success The Institute for Veterans and Military Families at Syracuse University is committed to supporting veterans and their families as they navigate their entrepreneurial journey. For more than a decade, the IVMF has served over 200,000 veterans and we are just getting started. Arm yourself for entrepreneurship success with the IVMF’s arsenal of programs. Please select the button below to filter the list to display the various programs related to each phase of entrepreneurship Phases of Entrepreneurship All Ideation Start Up Growth Bunker Labs Programs Resources and Initiatives All Ideation Start Up Growth Bunker Labs Programs Resources and Initiatives For: Transitioning Service Members & Spouses Boots to Business For those interested in exploring business ownership or other self-employment opportunities by leading them through the key steps for evaluating business concepts and providing foundational knowledge required to develop a business plan. Le",V-Start,https://ivmf.syracuse.edu/research-evaluation-and-cii/dashboards/v-start/,Standard,0.545,
15,Ideation,Entreprenuership,https://ivmf.syracuse.edu/programs/entrepreneurship/ideation/,200,https://ivmf.syracuse.edu/programs/entrepreneurship/ideation/,Ideation - D'Aniello Institute for Veterans and Military Families,Ideation,,https://ivmf.syracuse.edu/programs/entrepreneurship/ideation/,https://ivmf.syracuse.edu/wp-json/wp/v2/pages/267,2025-07-17T16:12:13+00:00,1558,4,2,1,1,0,"Entrepreneurship Portfolio: Ideation Looking to start your entrepreneurship journey but not sure where to begin? Have the idea formulating in your head but don’t know how to turn that idea into a business. Welcome to the Ideation portion of our Entrepreneurship portfolio. We have tailored the below programs for people like you who are just getting started. Programs Boots to Business For those interested in exploring business ownership or other self-employment opportunities. Learn More STRIVE The Startup Training Resources to Inspire Veteran Entrepreneurship (STRIVE) program is part of a landmark initiative that transforms veterans and military family members into entrepreneurs. Learn more “Perhaps not a quote, but a general philosophy: for each military assignment you had to walk into a new role, new environment, take on new challenges and reach new summits. Transitioning to the civilian world is no different. Use your hard-earned skills of research, reconnaissance and observation and ",Ideation,https://ivmf.syracuse.edu/programs/entrepreneurship/ideation/,Hub/Directory,1.000,
16,Boots to Business,Entreprenuership,https://ivmf.syracuse.edu/programs/entrepreneurship/ideation/boots-to-business/,200,https://ivmf.syracuse.edu/programs/entrepreneurship/ideation/boots-to-business/,Boots to Business - D'Aniello Institute for Veterans and Military Families,Boots to Business,,https://ivmf.syracuse.edu/programs/entrepreneurship/ideation/boots-to-business/,https://ivmf.syracuse.edu/wp-json/wp/v2/pages/268,2026-02-02T20:00:51+00:00,1932,9,8,3,0,0,"Interested in Business Ownership or Other Self-Employment Opportunities? The Boots to Business curriculum leads participants through the key steps for evaluating business concepts and provides the foundational knowledge required to develop a business plan. What You Will Experience Assistance in exploring business ownership or other self-employment opportunities Instruction on business basics and techniques for evaluating the feasibility of participant’s business concepts and foundational knowledge required to develop an actionable business plan Introduction to SBA resources available to access start-up capital, technical assistance and contracting opportunities Connection to resources in participant’s local communities Eligibility For Boots to Business Introduction to Entrepreneurship – 2-day course: Open to service members, including members of the National Guard and Reserves, and their spouses. No Cost The U.S. Small Business Administration (SBA) is the government sponsor of the Boot",Boots to Business,https://ivmf.syracuse.edu/programs/entrepreneurship/ideation/boots-to-business/,Program,1.000,
17,STRIVE,Entreprenuership,https://ivmf.syracuse.edu/programs/entrepreneurship/ideation/strive/,200,https://ivmf.syracuse.edu/programs/entrepreneurship/ideation/strive/,Startup Training Resources to Inspire Veteran Entrepreneurship (STRIVE) - D'Aniello Institute for Veterans and Military Families,Startup Training Resources to Inspire Veteran Entrepreneurship (STRIVE),,https://ivmf.syracuse.edu/programs/entrepreneurship/ideation/strive/,https://ivmf.syracuse.edu/wp-json/wp/v2/pages/71553,2026-07-06T17:57:57+00:00,4305,4,23,3,0,0,"About STRIVE The Startup Training Resources to Inspire Veteran Entrepreneurship (STRIVE) program is part of a landmark initiative that transforms veterans and military family members into entrepreneurs. Delivered by the IVMF, STRIVE leverages networks and education resources in local communities to support and advance veteran owned businesses. STRIVE is a local three-phase program for veterans with a budding business by developing their competencies in creating and sustaining an entrepreneurial venture. The program helps to identify, overcome and mitigate challenges for the new venture to pave the way for veteran business ownership success. It empowers veterans, military members and their families to live the American dream. Read about how Army veteran Bryant Coronada learned how to grow his Maps Flowers business with STRIVE ! Eligibility A complete application package will include the following: Completed STRIVE Application – including responses to personal statement (5 questions) Rés",Strive,https://ivmf.syracuse.edu/programs/entrepreneurship/ideation/strive/,Program,1.000,
18,Start Up,Entreprenuership,https://ivmf.syracuse.edu/programs/entrepreneurship/start-up/,200,https://ivmf.syracuse.edu/programs/entrepreneurship/start-up/,Start Up - D'Aniello Institute for Veterans and Military Families,Start Up,,https://ivmf.syracuse.edu/programs/entrepreneurship/start-up/,https://ivmf.syracuse.edu/wp-json/wp/v2/pages/270,2025-07-22T14:52:59+00:00,1161,7,5,0,0,0,"Entrepreneurship Portfolio: Start up These programs are for those in the early stages of their business. They are just getting started on their entrepreneurship journey or are still very new to the business world. Programs V-WISE A women-focused training program in entrepreneurship and small business management that provides tools, ongoing support and business mentorship. Learn more EBV Cutting edge bootcamp training program teaching the steps and stages of business creation and business management. Learn more EBV-F Bootcamp style training program that integrates training with caregiver and family matters, positioning participants to launch and grow small businesses while tending to family responsibilities. Learn more EBV - WWP This exclusive cohort, hosted in partnership with Wounded Warrior Project, will provide opportunities to meet warriors where they are at in the early stages of their entrepreneurship journey. Learn More Military Founders Lab 10-week virtual program delivers imme",Startup,https://ivmf.syracuse.edu/programs/entrepreneurship/startup/,Hub/Directory,0.933,
19,V-WISE,Entreprenuership,https://ivmf.syracuse.edu/programs/entrepreneurship/start-up/v-wise/,200,https://ivmf.syracuse.edu/programs/entrepreneurship/start-up/v-wise/,Veteran Women Igniting the Spirit of Entrepreneurship (V-WISE) - D'Aniello Institute for Veterans and Military Families,Veteran Women Igniting the Spirit of Entrepreneurship (V-WISE),"V-WISE is A women-focused training program in entrepreneurship and small business management that provides tools, ongoing support and business mentorship to veterans, active duty service members and military spouses aspiring to become successful entrepreneurs.",https://ivmf.syracuse.edu/programs/entrepreneurship/start-up/v-wise/,https://ivmf.syracuse.edu/wp-json/wp/v2/pages/273,2026-03-02T15:50:57+00:00,7631,26,21,167,1,1,"V-WISE 2026 IS SOLD OUT! Fill out the interest form to receive updates when applications for V-WISE 2027 will open and be first to take the next step in your entrepreneurial journey ! Helping Emerging Women Entrepreneurs Succeed V-WISE is a two-part program, starting with a 4-week online course that teaches fundamental business skills to women serving, who have served, or serve as military spouses/partners. You’ll learn the business basics that build a strong foundation for your business, and outline a clear path that gets you from where you are to where you want to be. Upon completion of the online course, you’ll attend a three-day capstone conference in-person and meet with fellow participants. <span data-mce-type=""bookmark"" style=""display: inline-block; width: 0px; overflow: hidden; line-height: 0;"" class=""mce_SELRES_start"">﻿</span> Part Educational Program, Part Conference V-WISE is unique in that it combines the education of an entrepreneurship program with the community and netwo",V-Start,https://ivmf.syracuse.edu/research-evaluation-and-cii/dashboards/v-start/,Standard,0.462,
20,V-WISE APP,Entreprenuership,https://ivmf.syracuse.edu/programs/entrepreneurship/start-up/v-wise/v-wise-application/,200,https://ivmf.syracuse.edu/programs/entrepreneurship/start-up/v-wise/,Veteran Women Igniting the Spirit of Entrepreneurship (V-WISE) - D'Aniello Institute for Veterans and Military Families,Veteran Women Igniting the Spirit of Entrepreneurship (V-WISE),"V-WISE is A women-focused training program in entrepreneurship and small business management that provides tools, ongoing support and business mentorship to veterans, active duty service members and military spouses aspiring to become successful entrepreneurs.",https://ivmf.syracuse.edu/programs/entrepreneurship/start-up/v-wise/,https://ivmf.syracuse.edu/wp-json/wp/v2/pages/273,2026-03-02T15:50:57+00:00,7631,26,21,167,1,1,"V-WISE 2026 IS SOLD OUT! Fill out the interest form to receive updates when applications for V-WISE 2027 will open and be first to take the next step in your entrepreneurial journey ! Helping Emerging Women Entrepreneurs Succeed V-WISE is a two-part program, starting with a 4-week online course that teaches fundamental business skills to women serving, who have served, or serve as military spouses/partners. You’ll learn the business basics that build a strong foundation for your business, and outline a clear path that gets you from where you are to where you want to be. Upon completion of the online course, you’ll attend a three-day capstone conference in-person and meet with fellow participants. <span data-mce-type=""bookmark"" style=""display: inline-block; width: 0px; overflow: hidden; line-height: 0;"" class=""mce_SELRES_start"">﻿</span> Part Educational Program, Part Conference V-WISE is unique in that it combines the education of an entrepreneurship program with the community and netwo",V-Cap,https://ivmf.syracuse.edu/programs/entrepreneurship/ideation/strive/v-cap/,Program,0.533,
21,V-WISE TY,Entreprenuership,https://ivmf.syracuse.edu/programs/entrepreneurship/start-up/v-wise/v-wise-application/thank-you/,200,https://ivmf.syracuse.edu/programs/entrepreneurship/start-up/v-wise/v-wise-application/thank-you/,Thank You! - D'Aniello Institute for Veterans and Military Families,Thank You!,,https://ivmf.syracuse.edu/programs/entrepreneurship/start-up/v-wise/v-wise-application/thank-you/,https://ivmf.syracuse.edu/wp-json/wp/v2/pages/76222,2022-03-10T14:53:12+00:00,426,4,4,0,0,0,"Thank you for applying to V-WISE! You don’t need to do anything further. We will review your application and be in touch. In the meantime, explore the variety of programs IVMF has to offer. CVOB Already have a business? Register it officially in our Coalition of Veteran Owned Business . Shopping Guide! Submit your business to our Military-Owned Shopping guide ! Alumni Support Check out what being IVMF alumni has to offer !",V-Start,https://ivmf.syracuse.edu/research-evaluation-and-cii/dashboards/v-start/,Standard,0.500,
22,EBV,Entreprenuership,https://ivmf.syracuse.edu/programs/entrepreneurship/start-up/ebv/,200,https://ivmf.syracuse.edu/programs/entrepreneurship/start-up/ebv/,Entrepreneurship Bootcamp for Veterans (EBV) - D'Aniello Institute for Veterans and Military Families,Entrepreneurship Bootcamp for Veterans (EBV),,https://ivmf.syracuse.edu/programs/entrepreneurship/start-up/ebv/,https://ivmf.syracuse.edu/wp-json/wp/v2/pages/272,2026-05-05T18:27:32+00:00,6008,12,17,109,0,0,"EBV is a first-of-its-kind initiative that turns veterans into entrepreneurs! The EBV program leverages the skills, resources and infrastructure of higher education to offer cutting-edge, experiential training in entrepreneurship and small business management to post-9/11 veterans. EBV is a highly selective program with a competitive application process, which aims to bring together a broad cross-section of business owners and business types, including non-profits. About EBV The EBV opens the door to economic opportunity for veterans by developing their competencies in the many steps and activities associated with creating and sustaining an entrepreneurial venture. Founded at Syracuse University in 2007, the program has since expanded to additional universities across the U.S., including Texas A&M, UCLA, the University of Connecticut, Louisiana State University, The Florida State University, Saint Joseph’s University, University of Colorado at Colorado Springs (UCCS), and the Universit",EBV-F-WWP,https://ivmf.syracuse.edu/programs/entrepreneurship/startup/ebv-f-wwp/,Program,0.500,
23,EBV - APP,Entreprenuership,https://ivmf.syracuse.edu/programs/entrepreneurship/start-up/ebv/ebv-application/,200,https://ivmf.syracuse.edu/programs/entrepreneurship/start-up/ebv/,Entrepreneurship Bootcamp for Veterans (EBV) - D'Aniello Institute for Veterans and Military Families,Entrepreneurship Bootcamp for Veterans (EBV),,https://ivmf.syracuse.edu/programs/entrepreneurship/start-up/ebv/,https://ivmf.syracuse.edu/wp-json/wp/v2/pages/272,2026-05-05T18:27:32+00:00,6008,12,17,109,0,0,"EBV is a first-of-its-kind initiative that turns veterans into entrepreneurs! The EBV program leverages the skills, resources and infrastructure of higher education to offer cutting-edge, experiential training in entrepreneurship and small business management to post-9/11 veterans. EBV is a highly selective program with a competitive application process, which aims to bring together a broad cross-section of business owners and business types, including non-profits. About EBV The EBV opens the door to economic opportunity for veterans by developing their competencies in the many steps and activities associated with creating and sustaining an entrepreneurial venture. Founded at Syracuse University in 2007, the program has since expanded to additional universities across the U.S., including Texas A&M, UCLA, the University of Connecticut, Louisiana State University, The Florida State University, Saint Joseph’s University, University of Colorado at Colorado Springs (UCCS), and the Universit",V-Cap,https://ivmf.syracuse.edu/programs/entrepreneurship/ideation/strive/v-cap/,Program,0.667,
24,EBV-F,Entreprenuership,https://ivmf.syracuse.edu/programs/entrepreneurship/start-up/ebvf/,200,https://ivmf.syracuse.edu/programs/entrepreneurship/start-up/ebvf/,Entrepreneurship Bootcamp for Veterans’ Families - D'Aniello Institute for Veterans and Military Families,Entrepreneurship Bootcamp for Veterans’ Families,,https://ivmf.syracuse.edu/programs/entrepreneurship/start-up/ebvf/,https://ivmf.syracuse.edu/wp-json/wp/v2/pages/60230,2026-05-01T18:14:45+00:00,2989,11,14,15,1,0,"The Entrepreneurship Bootcamp for Veterans’ Families (EBV-F) program offers small business training and a vocational, economic path forward for military spouses and family members, or a surviving spouse of a military member who gave his or her life in service to our country. EBV-F offers training tailored to military family members with caregiving responsibilities to launch and grow small businesses from home. About EBV-F EBV-F is an education and self-employment training program founded in 2010, designed to take advantage of the skills, resources and infrastructure of higher education to offer cutting-edge, experiential training in entrepreneurship and small business management. EBV-F integrates training in entrepreneurship with caregiver and family issues, positioning participants to launch and grow a small business in a way that is complementary to other family responsibilities. What You Will Experience Training focused on family issues, caregiver issues and work-life balance issues",EBV-F-WWP,https://ivmf.syracuse.edu/programs/entrepreneurship/startup/ebv-f-wwp/,Program,0.714,
25,EBV- F APP,Entreprenuership,https://ivmf.syracuse.edu/programs/entrepreneurship/start-up/ebvf/ebv-f-application/,200,https://ivmf.syracuse.edu/programs/entrepreneurship/start-up/ebvf/ebv-f-application/,EBV-F Application - D'Aniello Institute for Veterans and Military Families,EBV-F Application,,https://ivmf.syracuse.edu/programs/entrepreneurship/start-up/ebvf/ebv-f-application/,https://ivmf.syracuse.edu/wp-json/wp/v2/pages/75551,2022-12-06T16:30:16+00:00,214,0,0,0,0,0,"Are you ready to make your entrepreneurial dreams a reality? The EBV-F program operates on a rolling admissions process, so we are always accepting applications and will process them in the order they are received.",EBV-F-WWP,https://ivmf.syracuse.edu/programs/entrepreneurship/startup/ebv-f-wwp/,Program,0.778,
26,EBV - WWP,Entreprenuership,https://ivmf.syracuse.edu/ebv-wwp/,200,https://ivmf.syracuse.edu/ebv-wwp/,Entrepreneurship Bootcamp for Veterans (EBV) - D'Aniello Institute for Veterans and Military Families,Entrepreneurship Bootcamp for Veterans (EBV),,https://ivmf.syracuse.edu/ebv-wwp/,https://ivmf.syracuse.edu/wp-json/wp/v2/pages/80930,2026-06-01T19:44:49+00:00,2878,12,6,5,0,0,"EBV is a first-of-its-kind initiative that turns veterans into entrepreneurs! The EBV program leverages the skills, resources and infrastructure of higher education to offer cutting-edge, experiential training in entrepreneurship and small business management to post-9/11 veterans. About EBV The EBV, founded at Syracuse University in 2007, opens the door to economic opportunity for veterans by developing their competencies in the many steps and activities associated with creating and sustaining an entrepreneurial venture. This exclusive cohort, hosted in partnership with Wounded Warrior Project, will provide opportunities to meet warriors where they are at in the early stages of their entrepreneurship journey. This program is powered in part by Wounded Warrior Project to honor and empower post-9/11 injured service members, veterans, and their families. What You Will Experience World class entrepreneurship training with fellow veterans (or family members) Lifelong mentors and friends es",EBV-F-WWP,https://ivmf.syracuse.edu/programs/entrepreneurship/startup/ebv-f-wwp/,Program,0.875,
27,Growth,Entreprenuership,https://ivmf.syracuse.edu/programs/entrepreneurship/growth/,200,https://ivmf.syracuse.edu/programs/entrepreneurship/growth/,Growth - D'Aniello Institute for Veterans and Military Families,Growth,,https://ivmf.syracuse.edu/programs/entrepreneurship/growth/,https://ivmf.syracuse.edu/wp-json/wp/v2/pages/271,2025-05-19T20:02:55+00:00,871,5,3,0,0,0,"Entrepreneurship Portfolio: Growth These programs are for those that have been in business for three or more years and are ready to take their business to the next level. Programs Veteran EDGE Veteran EDGE (Engage. Develop. Grow. Elevate.) is a four-day conference dedicated solely to veteran and military spouse business owners and the ecosystem that supports them. Learn more EBV Accelerate Accelerate is a bootcamp-style program focused on growth and tackles head-on topics such as the financial, management, marketing and strategic planning challenges established businesses face. Learn more CEOcircle CEOcircle is a monthly peer accountability group for growth-stage companies looking to scale. Over the course of nine virtual huddles and four in person fly-in forum events, CEOs and executives can ask critical questions impacting their businesses today. Learn More",Growth,https://ivmf.syracuse.edu/programs/entrepreneurship/growth/,Program,1.000,
28,Veteran EDGE,Entreprenuership,https://ivmf.syracuse.edu/programs/entrepreneurship/growth/veteran-edge/,200,https://ivmf.syracuse.edu/programs/entrepreneurship/growth/veteran-edge/,Veteran EDGE - D'Aniello Institute for Veterans and Military Families,Veteran EDGE,,https://ivmf.syracuse.edu/programs/entrepreneurship/growth/veteran-edge/,https://ivmf.syracuse.edu/wp-json/wp/v2/pages/275,2026-03-18T21:03:13+00:00,7320,27,17,5,0,1,"Where Business Leaders Accelerate Success <span data-mce-type=""bookmark"" style=""display: inline-block; width: 0px; overflow: hidden; line-height: 0;"" class=""mce_SELRES_start"">﻿</span> Join hundreds of veteran and military spouse business leaders in Dallas this March for three days of strategy, networking, and partnering to win at Veteran EDGE, the premier business growth conference for military-connected entrepreneurs. While most programs help you launch, Veteran EDGE exists for what comes next: scaling smarter, faster, and stronger. Interested in Veteran EDGE 2027? Fill out the interest form to be notified when applications open. Why Attend Veteran EDGE? Because scaling a business isn’t guesswork. It’s strategy, execution, and the right network. Veteran EDGE is designed for entrepreneurs leading established companies earning at least $100K+ in annual revenue, with preference given to those generating $500K and above, who are ready to grow, pivot, or expand into new market. <span data-",Veteran Edge,https://ivmf.syracuse.edu/programs/entrepreneurship/growth/veteran-edge/,Program,1.000,
29,Vet100,Entreprenuership,https://ivmf.syracuse.edu/programs/entrepreneurship/growth/veteran-edge/vet100/,200,https://ivmf.syracuse.edu/programs/entrepreneurship/growth/veteran-edge/vet100/,Vet100 - D'Aniello Institute for Veterans and Military Families,Vet100,"Created in partnership with Inc. magazine, the Vet100 was born out of the iconic Inc. 5000 list of the fastest-growing private companies based in the U.S. Both distinctions are considered hallmarks of entrepreneurial success. Originally established as the Vet50 list, 2020’s list expanded to include 100 veteran-owned businesses in acknowledgment of the growing culture and success of veteran entrepreneur",https://ivmf.syracuse.edu/programs/entrepreneurship/growth/veteran-edge/vet100/,https://ivmf.syracuse.edu/wp-json/wp/v2/pages/60655,2025-11-06T13:50:48+00:00,921,3,5,1,0,0,"Honoring the 100 Fastest-Growing Veteran-Owned or Operated Businesses in America. <br /> Created in partnership with Inc. Business Media, the Vet100 was born out of the iconic Inc. 5000 list of the fastest-growing private companies based in the U.S. Both distinctions are considered hallmarks of entrepreneurial success. Established initially as the Vet50 list, 2020’s list expanded to include 100 veteran-owned businesses in acknowledgment of the growing success of veteran entrepreneurs. View the 2026 Vet100 list Interested? Please email ivmfentrepreneurship@syr.edu Veteran EDGE Interested in the Vet100 and joining in the experience of networking with hundreds of veterans and spouses like yourself? The Veteran EDGE conference is focused on addressing the opportunities and challenges faced by growth-stage businesses that are actively scaling or ready-to-scale owned by veterans and spouses. Learn More Powered By:",VetNet,https://ivmf.syracuse.edu/resources/vetnet/,Standard,0.500,
30,EBV A,Entreprenuership,https://ivmf.syracuse.edu/programs/entrepreneurship/growth/ebva/,200,https://ivmf.syracuse.edu/programs/entrepreneurship/growth/ebva/,Entrepreneurship Bootcamp for Veterans Accelerate - D'Aniello Institute for Veterans and Military Families,Entrepreneurship Bootcamp for Veterans Accelerate,,https://ivmf.syracuse.edu/programs/entrepreneurship/growth/ebva/,https://ivmf.syracuse.edu/wp-json/wp/v2/pages/274,2026-04-22T15:37:12+00:00,3057,12,7,5,0,0,"Ready to Take Your Business to The Next Level? EBV Accelerate is a 3-phase program that gives veterans with a successful business the tools and coaching to propel their business to the next phase: sustainable growth. Topics will include acquiring growth funding, rebranding for expansion, determining a sustainable growth rate, establishing partnerships, managing cash flow, and much more. Length PHASE 1: two weeks of online instruction focused on business analysis. PHASE 2: is a three-day residency during which participants will create a personalized action plan for their business. Tuesday-Thursday; Monday & Friday as Travel Days Travel to the location is at the candidate’s cost. Lodging and meals are provided for the participant during the three days of Phase 2. All program learning materials will be provided at no cost to the participant. PHASE 3 : involves resources to support the growth of your business. Eligibility Open to all Veteran business owners Must have 50% or more ownership ",V-Cap,https://ivmf.syracuse.edu/programs/entrepreneurship/ideation/strive/v-cap/,Program,0.600,
31,EBV A APP,Entreprenuership,https://ivmf.syracuse.edu/programs/entrepreneurship/growth/ebva/ebv-accelerate-application/,200,https://ivmf.syracuse.edu/programs/entrepreneurship/growth/ebva/ebv-accelerate-application/,EBV Accelerate Application - D'Aniello Institute for Veterans and Military Families,EBV Accelerate Application,,https://ivmf.syracuse.edu/programs/entrepreneurship/growth/ebva/ebv-accelerate-application/,https://ivmf.syracuse.edu/wp-json/wp/v2/pages/75556,,1205,0,1,0,0,0,"You may begin the application at any time and will have the ability to save and return to edit and complete the application within 30 days. As part of the application, you will be asked for details about your business such as the industry in which you operate, income or P&L details and the number of employees. For other required documents please see below, note each file has a 5MB size limit for upload: Résumé (Word or PDF format) DD214 Member 4 (showing dates of active duty, character of service. Please redact the SSN.) (PDF, .png, or .jpeg) Self or accountant-prepared Income Statement OR Profit & Loss Statement (Past 3 years – one document) (Word or PDF format) Letter of recommendation* from a client (Word or PDF format) Letter of recommendation* from someone on your BAIL team (Banker, Accountant, Insurance agent, Legal) OR a Business Partner (Word of PDF format) *Letters of recommendation need to be current, and speak to your intent to participate in EBV Accelerate, must state the w",EBV-F-WWP,https://ivmf.syracuse.edu/programs/entrepreneurship/startup/ebv-f-wwp/,Program,0.667,
32,Bunker Labs Programs,Entreprenuership,https://ivmf.syracuse.edu/programs/entrepreneurship/bunker-labs/,200,https://ivmf.syracuse.edu/our-programs/,Our Programs - D'Aniello Institute for Veterans and Military Families,Our Programs,,https://ivmf.syracuse.edu/our-programs/,https://ivmf.syracuse.edu/wp-json/wp/v2/pages/85880,2026-02-16T16:10:44+00:00,6210,36,30,0,0,0,"Career Training Onward to Opportunity A career skills program that provides civilian career training, professional certifications and employment services. Learn More About O2O Veterans for Public Office Training program for veterans and military-connected considering careers in politics. Learn About VPO Entrepreneurship Veteran EDGE EDGE is a four-day conference dedicated solely to veteran and military spouse business owners and the ecosystem that supports them. Learn More V-WISE A women-focused training program in entrepreneurship and small business management for aspiring women entrepreneurs. Learn More CEOcircle CEOcircle is a monthly peer accountability group for growth-stage companies looking to scale. Learn More EBV A cutting-edge entrepreneurship training program teaching the steps and stages of business creation and business management. Learn More EBV Accelerate Ready to take your business to the next level? EBV Accelerate is a bootcamp-style program focused on growth and tackl",Bunker Labs Legacy,https://ivmf.syracuse.edu/about/bunker-labs-legacy/,Standard,0.737,
33,BL VIR,Entreprenuership,https://ivmf.syracuse.edu/programs/entrepreneurship/bunker-labs/veterans-in-residence/,200,https://ivmf.syracuse.edu/programs/entrepreneurship/start-up/military-founders-lab/,Military Founders Lab - D'Aniello Institute for Veterans and Military Families,Military Founders Lab,"Military Founders Lab is a 10-week virtual program delivers immediate, practical impact with access to business tools, resources, mentorship, and a strong peer network for veteran and military spouse entrepreneurs.",https://ivmf.syracuse.edu/programs/entrepreneurship/start-up/military-founders-lab/,https://ivmf.syracuse.edu/wp-json/wp/v2/pages/96944,2026-07-06T15:38:28+00:00,9742,30,32,16,0,0,"Formerly the Veterans in Residence (ViR), Breaking Barriers in Entrepreneurship (BBiE), and Bunker Build Up (BBU) programs, IVMF has streamlined and combined these three programs into the Military Founders Lab. Over 10-weeks, this virtual program delivers immediate, practical impact and support for business growth and development with access to business tools, resources, mentorship, and a strong peer network. Military Founders Lab also provides multiple tracks that align participants by shared experiences or industries, creating a tailored support system and stronger connections within each cohort. What You Will Experience Build and develop business knowledge and management skills Increase confidence to grow a viable, sustainable business Learn about resources and tools to accelerate business growth Expand professional network among like-minded, veteran and military spouse entrepreneurs at a similar stage of business Eligibility Active-duty, veterans, reservists, guard, military and ve",NVRC,https://ivmf.syracuse.edu/about/nvrc/,Standard,0.400,
34,BL AMB,Entreprenuership,https://ivmf.syracuse.edu/programs/entrepreneurship/bunker-labs/ambassador/,200,https://ivmf.syracuse.edu/programs/entrepreneurship/bunker-labs/ambassador/,Ambassador Program - D'Aniello Institute for Veterans and Military Families,Ambassador Program,,https://ivmf.syracuse.edu/programs/entrepreneurship/bunker-labs/ambassador/,https://ivmf.syracuse.edu/wp-json/wp/v2/pages/90557,2026-04-22T15:33:01+00:00,11257,23,21,8,0,0,"Building Business Ecosystems <span data-mce-type=""bookmark"" style=""display: inline-block; width: 0px; overflow: hidden; line-height: 0;"" class=""mce_SELRES_start"">﻿</span> The Ambassador Program unites entrepreneurial community builders from across the country with a mission to enhance local business ecosystems. The 12-month program trains and supports already well-positioned and established leaders as they engineer more friendly business environments for veteran and military spouse entrepreneurs and connect them with key entrepreneurial resources. Our Ambassadors know the lay of the local business landscape, have an innate talent for networking, and a passion for helping veteran and military spouse entrepreneurs. Over the course of a year, they host local networking events, to get military affiliated entrepreneurs connected to the right people and resources that can take their business to the next level. They also complete an Ecosystem Leadership Project (ELP) driving positive and last",All Programs,https://ivmf.syracuse.edu/programs/entrepreneurship/all-programs/,Landing,0.444,
35,BL AMB TY,Entreprenuership,https://ivmf.syracuse.edu/programs/entrepreneurship/bunker-labs/ambassador-thank-you/,200,https://ivmf.syracuse.edu/programs/entrepreneurship/bunker-labs/ambassador-thank-you/,Bunker Labs Ambassador - Thank You - D'Aniello Institute for Veterans and Military Families,Bunker Labs Ambassador – Thank You,,https://ivmf.syracuse.edu/programs/entrepreneurship/bunker-labs/ambassador-thank-you/,https://ivmf.syracuse.edu/wp-json/wp/v2/pages/93013,2024-08-05T13:54:42+00:00,801,4,3,0,0,0,"Confirmation Thank you for your interest in the Bunker Labs Ambassador program from the D’Aniello Institute for Veterans and Military Families (IVMF). You do not need to do anything further and someone from the team will be in contact with you. In the meantime, explore some of the other programs IVMF offers below. Veteran EDGE EDGE is a four-day conference dedicated solely to veteran and military spouse business owners and the ecosystem that supports them. Learn More Entrepreneurship Bootcamp for Veterans A cutting-edge entrepreneurship training program teaching the steps and stages of business creation and business management. Learn More All Programs Explore the dozens of programs IVMF offers to support you and your family no matter what step of the journey you are currently on. Learn More",Find a Community,https://ivmf.syracuse.edu/resources/find-a-community/,Standard,0.400,
36,AMB Communities,Entreprenuership,https://ivmf.syracuse.edu/bunker-lab-communities/,200,https://ivmf.syracuse.edu/ambassador-communities/,Ambassador Communities - D'Aniello Institute for Veterans and Military Families,Ambassador Communities,,https://ivmf.syracuse.edu/ambassador-communities/,https://ivmf.syracuse.edu/wp-json/wp/v2/pages/93726,2026-06-09T20:04:38+00:00,1780,64,78,42,0,0,"Find your Veteran and Military Spouse Community Ambassadors support local veteran and military spouses by providing access to resources, mentorship, and host local networking events to bring together the veteran and military spouse community. Find your local Ambassador in a city near you and get connected. Looking to connect with an Ambassador in your community? Learn more about what’s happening in your community and how you can engage with this year’s cohort. Connect with your local community leader! Atlanta, GA Austin, TX Charleston, SC Chicago, IL Colorado, CO Dallas, TX Indianapolis, IN Houston, TX Los Angeles, CA Louisiana National Capital Region New York City, NY Orlando, FL Philadelphia, PA Portland, OR Raleigh – Durham, NC Salt Lake City, UT San Antonio, TX San Diego, CA Seattle, WA Tampa, FL Atlanta, GA DeLisa Clift Tiffani McQueen Williams Austin, TX Lauren Postler Mike Johnson Charleston, SC Moniek James Chicago, IL Lindsay Kough Ryan Hunt Colorado, CO Sam Westfall Michaelle",Ambassador Communities,https://ivmf.syracuse.edu/ambassador-communities/,Standard,0.811,
37,CEOcircle,Entreprenuership,https://ivmf.syracuse.edu/programs/entrepreneurship/bunker-labs/ceocircle/,200,https://ivmf.syracuse.edu/programs/entrepreneurship/bunker-labs/ceocircle/,CEOcircle - D'Aniello Institute for Veterans and Military Families,CEOcircle,,https://ivmf.syracuse.edu/programs/entrepreneurship/bunker-labs/ceocircle/,https://ivmf.syracuse.edu/wp-json/wp/v2/pages/90404,2026-06-23T15:15:55+00:00,7533,27,16,4,0,0,"Join an Executive Cohort CEOcircle is a monthly peer accountability group for growth-stage companies looking to scale. Over the course of nine virtual huddles and four in person fly-in forum events, CEOs and executives can ask critical questions impacting their businesses today. Together, you’ll learn from your peers and national experts alike how to take your company to the next level. Progress through the program is focused and measured based off self-set goals and helped by intentional and facilitated connections. Additionally, CEOcircle members also gain access to dedicated JPMorgan Chase Commercial Banking liaisons. CEOcircle cohort members are divided into call sign groups, where similar stage and revenue level companies build lifelong relationships and support each other through regular business challenges. Our world-class fly-in events include tailored talks from national-profile business leaders. Previous speakers have included Larry Johnson (Former CEO, Fogo De Chão), Kelly P",CEOcircle,https://ivmf.syracuse.edu/programs/entrepreneurship/scale/ceocircle/,Program,1.000,
38,Breaking Barriers,Entreprenuership,https://ivmf.syracuse.edu/programs/entrepreneurship/bunker-labs/breaking-barriers/,200,https://ivmf.syracuse.edu/programs/entrepreneurship/start-up/military-founders-lab/,Military Founders Lab - D'Aniello Institute for Veterans and Military Families,Military Founders Lab,"Military Founders Lab is a 10-week virtual program delivers immediate, practical impact with access to business tools, resources, mentorship, and a strong peer network for veteran and military spouse entrepreneurs.",https://ivmf.syracuse.edu/programs/entrepreneurship/start-up/military-founders-lab/,https://ivmf.syracuse.edu/wp-json/wp/v2/pages/96944,2026-07-06T15:38:28+00:00,9742,30,32,16,0,0,"Formerly the Veterans in Residence (ViR), Breaking Barriers in Entrepreneurship (BBiE), and Bunker Build Up (BBU) programs, IVMF has streamlined and combined these three programs into the Military Founders Lab. Over 10-weeks, this virtual program delivers immediate, practical impact and support for business growth and development with access to business tools, resources, mentorship, and a strong peer network. Military Founders Lab also provides multiple tracks that align participants by shared experiences or industries, creating a tailored support system and stronger connections within each cohort. What You Will Experience Build and develop business knowledge and management skills Increase confidence to grow a viable, sustainable business Learn about resources and tools to accelerate business growth Expand professional network among like-minded, veteran and military spouse entrepreneurs at a similar stage of business Eligibility Active-duty, veterans, reservists, guard, military and ve",Employer Partners,https://ivmf.syracuse.edu/programs/o2o/employer-partners/,Standard,0.412,
39,Bunker Build Up,Entreprenuership,https://ivmf.syracuse.edu/programs/entrepreneurship/bunker-labs/bunker-build-up/,200,https://ivmf.syracuse.edu/programs/entrepreneurship/start-up/military-founders-lab/,Military Founders Lab - D'Aniello Institute for Veterans and Military Families,Military Founders Lab,"Military Founders Lab is a 10-week virtual program delivers immediate, practical impact with access to business tools, resources, mentorship, and a strong peer network for veteran and military spouse entrepreneurs.",https://ivmf.syracuse.edu/programs/entrepreneurship/start-up/military-founders-lab/,https://ivmf.syracuse.edu/wp-json/wp/v2/pages/96944,2026-07-06T15:38:28+00:00,9742,30,32,16,0,0,"Formerly the Veterans in Residence (ViR), Breaking Barriers in Entrepreneurship (BBiE), and Bunker Build Up (BBU) programs, IVMF has streamlined and combined these three programs into the Military Founders Lab. Over 10-weeks, this virtual program delivers immediate, practical impact and support for business growth and development with access to business tools, resources, mentorship, and a strong peer network. Military Founders Lab also provides multiple tracks that align participants by shared experiences or industries, creating a tailored support system and stronger connections within each cohort. What You Will Experience Build and develop business knowledge and management skills Increase confidence to grow a viable, sustainable business Learn about resources and tools to accelerate business growth Expand professional network among like-minded, veteran and military spouse entrepreneurs at a similar stage of business Eligibility Active-duty, veterans, reservists, guard, military and ve",Bunker Labs Legacy,https://ivmf.syracuse.edu/about/bunker-labs-legacy/,Standard,0.545,
40,Resources and initiatives,Entreprenuership,https://ivmf.syracuse.edu/programs/entrepreneurship/resources/,200,https://ivmf.syracuse.edu/programs/entrepreneurship/resources/,Resources and Initiatives - D'Aniello Institute for Veterans and Military Families,Resources and Initiatives,,https://ivmf.syracuse.edu/programs/entrepreneurship/resources/,https://ivmf.syracuse.edu/wp-json/wp/v2/pages/276,2025-07-21T20:25:29+00:00,3013,15,14,3,0,0,"We support all our programs with thorough research and analytics. We provide public date toolkits to help analyze the vasts amount of data. All this research is public for you to view and better educate yourself in the difficult world whether that’s starting a business or transitioning to a civilian career. Would you like guidance to identify the best program and resource for your business needs? We can help ! Resources Coalition for Veteran Owned Business (CVOB) A coalition of private sector companies, businesses, non-governmental organizations (NGOs) working to connect military-owned business to supply chains of medium-sized and large corporations. Learn more Center of Excellence for Veteran Entrepreneurship (COE) Create, collect, organize, and share knowledge, resources, and networks to advance entrepreneurial opportunities for transitioning service members, veterans, and their families. Learn more COE Resource Library A key resource for small businesses veteran-owned businesses inc",Resources,https://ivmf.syracuse.edu/resources/,Landing,0.529,
41,CVOB,Entreprenuership,https://ivmf.syracuse.edu/programs/entrepreneurship/resources/cvob/,200,https://ivmf.syracuse.edu/programs/entrepreneurship/resources/cvob/,Coalition for Veteran Owned Business (CVOB) - D'Aniello Institute for Veterans and Military Families,Coalition for Veteran Owned Business (CVOB),,https://ivmf.syracuse.edu/programs/entrepreneurship/resources/cvob/,https://ivmf.syracuse.edu/wp-json/wp/v2/pages/281,2026-01-12T16:15:55+00:00,3219,14,50,31,0,0,"Enhancing Veteran and Military Family Owned Businesses About the Coalition for Veteran Owned Business The Coalition for Veteran Owned Business (CVOB) is a group comprised of industry leaders committed to providing opportunities and growth for veteran and military spouse-owned businesses. This first-of-its-kind national initiative supports the success of veteran, service member, and military spouse-owned businesses by connecting them with entrepreneurial education and training, small business resources and solutions, and commerce and supplier opportunities to help connect and educate both sides on doing business together. Coalition Priorities Increase opportunities and information Create networking opportunities Create awareness of resources Help form corporate connections Support Military-Owned Business Shop online with IVMF’s Buy Military-Owned Shopping Guide to meet all of your shopping needs with over 500 veteran-, active duty-, reservist- and military spouse-owned businesses! Shop ",CVOB,https://ivmf.syracuse.edu/resources/cvob/,Standard,1.000,
42,CVOB MEF,Entreprenuership,https://ivmf.syracuse.edu/programs/entrepreneurship/resources/cvob/mef/,200,https://ivmf.syracuse.edu/programs/entrepreneurship/resources/cvob/mef/,CVOB Military Entrepreneurship Forum (MEF) - D'Aniello Institute for Veterans and Military Families,CVOB Military Entrepreneurship Forum (MEF),,https://ivmf.syracuse.edu/programs/entrepreneurship/resources/cvob/mef/,https://ivmf.syracuse.edu/wp-json/wp/v2/pages/82982,2026-04-29T15:08:02+00:00,2300,1,2,80,0,0,"Since mid 2022, with the support of Fiserv, the D’Aniello Institute of Veterans and Military Families (IVMF) has hosted a series of regionally focused entrepreneurship training events designed to connect entrepreneurs with their local business resources and entrepreneurship support partners. So far, these events have been held in: Williamsburg, VA; Chicago, IL; Atlanta, GA; Jacksonville, FL; Washington, DC; and Milwaukee, WI. New York City, NY, Thumbnail 1 Thumbnail 1 Thumbnail 1 Thumbnail 1 Thumbnail 2 Thumbnail 2 Thumbnail 2 Thumbnail 2 Thumbnail 3 Thumbnail 3 Thumbnail 3 Thumbnail 3 Thumbnail 4 Thumbnail 4 Thumbnail 4 Thumbnail 4 Thumbnail 5 Thumbnail 5 Thumbnail 5 Thumbnail 6 Thumbnail 5 Thumbnail 6 Thumbnail 6 Thumbnail 6 Thumbnail 7 Thumbnail 7 Thumbnail 7 Thumbnail 7 Thumbnail 8 Thumbnail 8 Thumbnail 8 Thumbnail 8 Thumbnail 9 Thumbnail 9 Thumbnail 9 Thumbnail 9 Thumbnail 10 Details You’re Invited: Military Entrepreneurship Forum The D’Aniello Institute for Veterans and Military ",CVOB,https://ivmf.syracuse.edu/resources/cvob/,Standard,0.667,
43,CVOB M2M,Entreprenuership,https://ivmf.syracuse.edu/programs/entrepreneurship/resources/cvob/mission-to-marketplace/,200,https://ivmf.syracuse.edu/programs/entrepreneurship/resources/cvob/mission-to-marketplace/,CVOB Mission to Marketplace (M2M) - D'Aniello Institute for Veterans and Military Families,CVOB Mission to Marketplace (M2M),,https://ivmf.syracuse.edu/programs/entrepreneurship/resources/cvob/mission-to-marketplace/,https://ivmf.syracuse.edu/wp-json/wp/v2/pages/91408,2025-12-15T15:33:07+00:00,1609,1,1,1,0,1,"The D’Aniello Institute for Veterans and Military Families , in collaboration with Amazon, is thrilled to share details about our next Mission to Marketplace: Entrepreneurship Summit. This regional event is tailored to support and empower businesses owned by veterans and military spouses. Join us for a full day of valuable networking with industry experts, Fortune 500 companies, fellow entrepreneurs, and a wealth of resources aimed at helping your business succeed. Details Location: Virtual Date : TBD What to Expect : Join us for an exciting opportunity to connect veteran- and military spouse-owned businesses with a supportive community and thriving ecosystem. Engage with a powerful network, gain insights from industry experts, and explore valuable resources and opportunities designed to help your business grow and succeed. Why Attend : This is the perfect place to discover the entrepreneurial network and resources right in your backyard. Whether you’re looking to connect with like-min",CVOB,https://ivmf.syracuse.edu/resources/cvob/,Standard,0.667,
44,COE,Entreprenuership,https://ivmf.syracuse.edu/programs/entrepreneurship/resources/coe/,200,https://ivmf.syracuse.edu/programs/entrepreneurship/resources/coe/,Center of Excellence for Veteran Entrepreneurship (COE) - D'Aniello Institute for Veterans and Military Families,Center of Excellence for Veteran Entrepreneurship (COE),,https://ivmf.syracuse.edu/programs/entrepreneurship/resources/coe/,https://ivmf.syracuse.edu/wp-json/wp/v2/pages/311,2023-04-10T19:36:21+00:00,6058,15,76,1,0,0,"The mission of the Center of Excellence (COE) for Veteran Entrepreneurship is to create, collect, organize, and share knowledge, resources, and networks to advance entrepreneurial opportunities for transitioning service members, veterans, and their families. This is accomplished through the development and delivery of innovative programs and educational resources; timely and relevant research and policy analysis; and by cultivating veteran-connected ecosystems across the United States. Our Priorities Research & Policy Evaluate and assess research and policy Organize current knowledge in the field of veteran entrepreneurship Create and drive new and necessary research Advocate using data to influence strategies and policies that will have a positive impact on business creation and growth for transitioning service members, veterans, and their families Cultivate networks – evaluate current networks and take steps to close gaps and/or establish new networks Education & Training Design, dev",COE,https://ivmf.syracuse.edu/resources/coe/,Standard,1.000,
45,V-CAP,Entreprenuership,https://ivmf.syracuse.edu/programs/entrepreneurship/resources/,200,https://ivmf.syracuse.edu/programs/entrepreneurship/resources/,Resources and Initiatives - D'Aniello Institute for Veterans and Military Families,Resources and Initiatives,,https://ivmf.syracuse.edu/programs/entrepreneurship/resources/,https://ivmf.syracuse.edu/wp-json/wp/v2/pages/276,2025-07-21T20:25:29+00:00,3013,15,14,3,0,0,"We support all our programs with thorough research and analytics. We provide public date toolkits to help analyze the vasts amount of data. All this research is public for you to view and better educate yourself in the difficult world whether that’s starting a business or transitioning to a civilian career. Would you like guidance to identify the best program and resource for your business needs? We can help ! Resources Coalition for Veteran Owned Business (CVOB) A coalition of private sector companies, businesses, non-governmental organizations (NGOs) working to connect military-owned business to supply chains of medium-sized and large corporations. Learn more Center of Excellence for Veteran Entrepreneurship (COE) Create, collect, organize, and share knowledge, resources, and networks to advance entrepreneurial opportunities for transitioning service members, veterans, and their families. Learn more COE Resource Library A key resource for small businesses veteran-owned businesses inc",V-Cap,https://ivmf.syracuse.edu/programs/entrepreneurship/ideation/strive/v-cap/,Program,1.000,
46,O2O,Career Training,https://ivmf.syracuse.edu/programs/career-training/,200,https://ivmf.syracuse.edu/programs/career-training/,Career Training - D'Aniello Institute for Veterans and Military Families,Career Training,"Onward to Opportunity (O2O) is a free career training program that provides professional certification and employee support services to transitioning service members, veterans and military spouses",https://ivmf.syracuse.edu/programs/career-training/,https://ivmf.syracuse.edu/wp-json/wp/v2/pages/263,2026-02-13T15:28:20+00:00,4945,11,13,8,1,0,"Onward to Opportunity (O2O) Onward to Opportunity (O2O) is a free career training program that provides professional certification and employee support services to transitioning service members, veterans and military spouses. O2O combines industry-validated curricula, strong partnerships with leading veteran service organizations and private sector companies, and comprehensive career coaching services to prepare and match you with your next career. Latest From IVMF: Onward to Opportunity (O2O) Impact Evaluation Evaluators from Penn State’s Clearinghouse for Military Family Readiness conducted a rigorous quasi-experimental study utilizing propensity score matching (PSM) to compare survey response data from The Veterans Metrics Initiative (TVMI) with O2O participant data. Their analysis found that O2O has statistically validated positive impacts on post-service employment , including starting salary, and characteristics of 6-month job retention. Learn more ▶ Enrollment Process How does O",O2O,https://ivmf.syracuse.edu/programs/o2o/,Program,1.000,
47,O2O - Pathways,Career Training,https://ivmf.syracuse.edu/programs/career-training/concentrations/,301,,,,,,,,0,0,0,0,0,0,,Certifications and Learning Pathways,https://ivmf.syracuse.edu/programs/o2o/certifications-and-learning-pathways/,Standard,0.417,Exceeded 30 redirects.
48,O2O - APP,Career Training,https://ivmf.syracuse.edu/programs/career-training/o2o-admission/onward-to-opportunity-application/,200,https://ivmf.syracuse.edu/programs/career-training/o2o-admission/onward-to-opportunity-application/,Onward to Opportunity Application - D'Aniello Institute for Veterans and Military Families,Onward to Opportunity Application,,https://ivmf.syracuse.edu/programs/career-training/o2o-admission/onward-to-opportunity-application/,https://ivmf.syracuse.edu/wp-json/wp/v2/pages/60762,2025-09-15T20:01:26+00:00,1491,2,1,0,0,0,"Interested in learning more? Ready to begin your journey to your next career? Sign up here to begin the process. By submitting your information, a member of our installation team or enrollment services team will reach out to you to discuss your training options and help determine eligibility for our upcoming cohorts. Eligibility Active Duty Military (US Army, USMC, US Navy, US Air Force, US Space Force, and USCG) – Any transitioning active duty service member who will transition from military service to the civilian workforce in the next 6 months with an “honorable” discharge status. Note- this 6 month timeframe may be further restricted based on branch-specific policies. Please consult your chain of command for the most current Skillbridge/CSP policies. Veterans – Any veteran who has already separated or retired from the military with at least 180 days of active duty service and a “honorable” discharge status. National Guard and Reserves – currently in part-time status. If the service",O2O,https://ivmf.syracuse.edu/programs/o2o/,Program,0.600,
49,O2O - APP - TY,Career Training,https://ivmf.syracuse.edu/programs/career-training/o2o-admission/onward-to-opportunity-application/thank-you,200,https://ivmf.syracuse.edu/programs/career-training/o2o-admission/onward-to-opportunity-application/thank-you/,Thank You - D'Aniello Institute for Veterans and Military Families,Thank You,,https://ivmf.syracuse.edu/programs/career-training/o2o-admission/onward-to-opportunity-application/thank-you/,https://ivmf.syracuse.edu/wp-json/wp/v2/pages/72225,2026-03-13T18:08:11+00:00,778,0,1,0,0,0,"Thank you for your interest in the Onward to Opportunity program from the D’Aniello Institute for Veterans and Military Families (IVMF). One of our dedicated IVMF Staff will contact you within the next 5 business days to follow up regarding next steps in the application process. You need not submit additional interest forms. The initial contact will be via email to the primary email address you provided; please be sure to monitor all the folders in your mailbox; sometimes, the email will land in one of the extra folders or tabs (social, spam, junk, etc.) We invite you to review some of our more commonly asked questions regarding next steps in the process. We look forward to partnering with you in this journey! — The O2O installations’ and IVMF Enrollment Services team",O2O,https://ivmf.syracuse.edu/programs/o2o/,Program,0.462,
50,O2O - FAQ,Career Training,https://ivmf.syracuse.edu/programs/career-training/faqs/,200,https://ivmf.syracuse.edu/programs/career-training/faq/,FAQ - D'Aniello Institute for Veterans and Military Families,FAQ,,https://ivmf.syracuse.edu/programs/career-training/faq/,https://ivmf.syracuse.edu/wp-json/wp/v2/pages/289,2026-05-20T15:36:13+00:00,18268,33,41,4,1,0,"Categories Program Description and Eligibility Application and Admission Courses and Certifications Program Description, eligibility, and History What is Onward to Opportunity? Supported by grants from JPMorgan Chase & Co. and the Schultz Family Foundation, Onward to Opportunity utilizes an online learning platform to help active duty, selected reserve, veterans, and military spouses learn business, technology, and other relevant skills to accomplish their personal and professional goals. Participants may choose to work towards one of our supported industry certifications administered by globally recognized organizations. O2O combines industry-validated curricula, strong partnerships, comprehensive career coaching and employer relations services to match program participants with job opportunities or professional development – leading to meaningful career opportunities. Who is eligible for O2O? Active Duty Military – Any transitioning active duty service member who will transition from",O2O,https://ivmf.syracuse.edu/programs/o2o/,Program,0.600,
51,O2O - Admission,Career Training,https://ivmf.syracuse.edu/programs/career-training/o2o-admission/,200,https://ivmf.syracuse.edu/programs/career-training/o2o-admission/onward-to-opportunity-application/,Onward to Opportunity Application - D'Aniello Institute for Veterans and Military Families,Onward to Opportunity Application,,https://ivmf.syracuse.edu/programs/career-training/o2o-admission/onward-to-opportunity-application/,https://ivmf.syracuse.edu/wp-json/wp/v2/pages/60762,2025-09-15T20:01:26+00:00,1491,2,1,0,0,0,"Interested in learning more? Ready to begin your journey to your next career? Sign up here to begin the process. By submitting your information, a member of our installation team or enrollment services team will reach out to you to discuss your training options and help determine eligibility for our upcoming cohorts. Eligibility Active Duty Military (US Army, USMC, US Navy, US Air Force, US Space Force, and USCG) – Any transitioning active duty service member who will transition from military service to the civilian workforce in the next 6 months with an “honorable” discharge status. Note- this 6 month timeframe may be further restricted based on branch-specific policies. Please consult your chain of command for the most current Skillbridge/CSP policies. Veterans – Any veteran who has already separated or retired from the military with at least 180 days of active duty service and a “honorable” discharge status. National Guard and Reserves – currently in part-time status. If the service",Boots to Business,https://ivmf.syracuse.edu/programs/entrepreneurship/ideation/boots-to-business/,Program,0.400,
52,O2O - Employer Partner,Career Training,https://ivmf.syracuse.edu/programs/career-training/employer-partners/,200,https://ivmf.syracuse.edu/programs/career-training/employer-partners/,Employer Partners - D'Aniello Institute for Veterans and Military Families,Employer Partners,,https://ivmf.syracuse.edu/programs/career-training/employer-partners/,https://ivmf.syracuse.edu/wp-json/wp/v2/pages/288,2025-07-09T14:33:19+00:00,5171,3,1,1,1,0,"Our employers understand the value of transitioning military members, veterans and military spouses and that they represent the best this country has to offer. Onward to Opportunity is designed to build awareness of the soft and hard skills necessary to succeed in different industries while also making the crucial first connection with employers in these industries that are eager to hire veterans. Participants work on refining their resume, practicing for interviews, and receiving additional coaching on how to start a successful career. G raduates of O2O who successfully complete the program’s requirements will be guided through the interview process with the program’s employer partners. This program benefits employer partners by engaging transitioning military and spouse talent earlier in the recruitment pipeline that’s trained to meet their skill needs. Why Become An Employer Partner? Access to a trained, certified and highly qualified talent pool of transitioning service members, mi",Employer Partners,https://ivmf.syracuse.edu/programs/o2o/employer-partners/,Standard,0.865,
53,O2O - ESS,Career Training,https://ivmf.syracuse.edu/programs/career-training/employment-support-services/,200,https://ivmf.syracuse.edu/programs/career-training/employment-support-services/,Career Preparation - D'Aniello Institute for Veterans and Military Families,Career Preparation,,https://ivmf.syracuse.edu/programs/career-training/employment-support-services/,https://ivmf.syracuse.edu/wp-json/wp/v2/pages/84345,2026-07-09T14:19:21+00:00,11392,17,55,55,0,0,"About The IVMF supports the employment goals of our participants via traditional and non-traditional pathways to employment. Take control of your employment journey by connecting with our partners who embrace the military community and value the skills you bring to the workforce. Events, Conferences, Webinars, and Resources There is a list of upcoming career fairs for veterans and spouses that is updated monthly to accommodate your busy schedules. There is always something coming up whether it’s in-person or virtual. The IVMF has also compiled a series of webinars, mentoring programs, resources, and more that are provided to assist you no matter what stage your career journey is currently occurring. Take me there! Portal Access As a member of the IVMF community, this portal is your gateway to the resources, programs, and connections that support your journey beyond service. Whether you’re a current participant navigating career training, an entrepreneur scaling your business, or an alu",O2O,https://ivmf.syracuse.edu/programs/o2o/,Program,0.600,
54,O2O - Locations,Career Training,https://ivmf.syracuse.edu/programs/career-training/o2o-locations/,200,https://ivmf.syracuse.edu/programs/career-training/o2o-locations/,O2O Locations - D'Aniello Institute for Veterans and Military Families,O2O Locations,,https://ivmf.syracuse.edu/programs/career-training/o2o-locations/,https://ivmf.syracuse.edu/wp-json/wp/v2/pages/285,2026-05-20T19:19:53+00:00,865,2,16,1,1,0,"Installations Below is a list of locations that Onward to Opportunity currently serves. Camp Lejeune Charleston, SC Florida Military Communities Fort Bragg Fort Campbell Fort Carson Fort Drum Fort Hood Fort Knox Hampton Roads Joint Base Lewis-McChord Joint Base San Antonio National Capital Region Navy Region Northwest Southern California Online Not near one of our locations? We provide an online-only version of O2O that offers the same courses and IVMF support as those attending the program through an installation. Sign Up Here To Begin The Process “Obviously the certifications are a big draw (of O2O), but also getting plugged into the Onward to Opportunity network wherever they’re located is a big help.” Military Installation: Camp Lejeune, NC CompTIA Network+ Graduate IT Specialist, Kingfisher Systems Douglas Proffitt Chief Warrant Officer, US Marines",Publications,https://ivmf.syracuse.edu/publications/,Hub/Directory,0.640,
55,O2O - Florida,Career Training,https://ivmf.syracuse.edu/programs/career-training/o2o-locations/florida-military-communities/,200,https://ivmf.syracuse.edu/programs/career-training/o2o-locations/florida-military-communities/,The Onward to Opportunity Program for the Florida Military Communities - D'Aniello Institute for Veterans and Military Families,The Onward to Opportunity Program for the Florida Military Communities,,https://ivmf.syracuse.edu/programs/career-training/o2o-locations/florida-military-communities/,https://ivmf.syracuse.edu/wp-json/wp/v2/pages/86127,2026-01-09T14:15:33+00:00,4007,3,7,2,0,0,"The Onward to Opportunity (O2O) Program for the Florida Military Communities offers an enhanced experience with both in-person and virtual/hybrid opportunities. It directly serves the Tri-Base Jacksonville Military Community as well as our satellite MacDill Military Community and virtually for Other Military Communities in the great State of Florida. The Onward to Opportunity (O2O) program offers over 50 Information Technology certifications and our Business Management track offers Project Management, Six Sigma and HR certifications. The coursework is virtual and available 24/7. The courses are asynchronous, semi-self-paced and can be completed ahead of schedule. Candidates begin their O2O journey with the face-to-face career development training course called Onward to Your Career (OTYC). This classroom training is facilitated by 50+ hiring managers, recruiters, and alumni volunteers. It includes career development modules such as Working in a Digital World, Navigating Growth & Change",O2O,https://ivmf.syracuse.edu/programs/o2o/,Program,0.429,
56,O2O - SoCal,Career Training,https://ivmf.syracuse.edu/programs/career-training/o2o-locations/socal/,200,https://ivmf.syracuse.edu/programs/career-training/o2o-locations/socal/,Southern California - D'Aniello Institute for Veterans and Military Families,Southern California,,https://ivmf.syracuse.edu/programs/career-training/o2o-locations/socal/,https://ivmf.syracuse.edu/wp-json/wp/v2/pages/60307,2025-06-10T18:48:42+00:00,3534,10,8,1,0,0,"The Onward to Opportunity Program in Southern California Unlock Your Career Potential Welcome to the Onward to Opportunity (O2O) Program in Southern California, where we pave the way for your future success in the evolving fields of Information Technology and Business Management. Our program is thoughtfully designed to encompass critical areas such as Human Resources, Project Management, Agile methodologies, and Six Sigma, ensuring a broad and impactful education path. Your Journey Begins Here Embark on a comprehensive learning journey with our three-day virtual classroom experience, where you’ll engage in career preparation workshops and gain insights from subject matter experts. This is your opportunity to expand your professional network by connecting with our esteemed employer partners, participating in informational interviews, and laying the groundwork for a thriving career. Tailored Learning Pathway Following the initial orientation, you’ll proceed along a personalized learning ",Scale,https://ivmf.syracuse.edu/programs/entrepreneurship/scale/,Program,0.571,
57,O2O - Fort Liberty,Career Training,https://ivmf.syracuse.edu/programs/career-training/o2o-locations/fort-liberty/,301,,,,,,,,0,0,0,0,0,0,,Digital Library,https://ivmf.syracuse.edu/resources/digital-library/,Standard,0.452,Exceeded 30 redirects.
58,O2O - JBSA,Career Training,https://ivmf.syracuse.edu/programs/career-training/o2o-locations/joint-base-san-antonio/,200,https://ivmf.syracuse.edu/programs/career-training/o2o-locations/joint-base-san-antonio/,Joint Base San Antonio - D'Aniello Institute for Veterans and Military Families,Joint Base San Antonio,,https://ivmf.syracuse.edu/programs/career-training/o2o-locations/joint-base-san-antonio/,https://ivmf.syracuse.edu/wp-json/wp/v2/pages/60353,2025-06-10T18:47:49+00:00,1678,5,8,2,0,0,"The Onward to Opportunity Program at Joint Base San Antonio O2O at Joint Base San Antonio (MilCity, USA) serves the North, South, Central, and East Texas areas. Your journey will begin with four days of face-to-face classroom or virtual training and facilitation that includes the Onward to Your Career course and foundations course in a learning pathway of your choosing. Onward to your Career and foundations courses are followed by 12 weeks of self-paced online coursework to towards an industry certification. While you complete your certification coursework, you will also participate in networking events with our National and Local Employer Partners to hone your personal marketing techniques and skills. This is a great way to gain inside perspective on careers in the private sector while introducing yourself to companies who are looking to hire O2O graduates. Interested? Contact us at jbsao2o@syr.edu or click here to get started ! Disclaimer: Some installations do not offer all possible",O2O,https://ivmf.syracuse.edu/programs/o2o/,Program,0.545,
59,O2O - Fort Carson,Career Training,https://ivmf.syracuse.edu/programs/career-training/o2o-locations/fort-carson/,200,https://ivmf.syracuse.edu/programs/career-training/o2o-locations/fort-carson/,Fort Carson - D'Aniello Institute for Veterans and Military Families,Fort Carson,,https://ivmf.syracuse.edu/programs/career-training/o2o-locations/fort-carson/,https://ivmf.syracuse.edu/wp-json/wp/v2/pages/60334,2026-03-26T13:37:59+00:00,2808,4,6,1,0,0,"The Onward to Opportunity Program at Fort Carson Onward to Opportunity offers two career tracks: Information Technology & Business Management. Onward to Opportunity (O2O) Colorado, located in Colorado Springs, provides a career skills program for transitioning service members, veterans, and military spouses across the state Your journey will begin with 3-4 days of face-to-face classroom or virtual training, known as Onward to Your Career (OTYC) development week, designed for those transitioning from military service, re-entering the workforce, or exploring new careers or career opportunities. After completing OTYC, you will undergo 12 weeks of online coursework to earn industry-recognized certifications. Those pursuing the PMP certification will also attend a 5-day virtual bootcamp. You will have up to 6 months to fulfill certification requirements, with the option to finish sooner. Onward to Opportunity (O2O) will cover the cost of one certification exam for participants who enroll du",Who We Are,https://ivmf.syracuse.edu/about/who-we-are/,Standard,0.400,
60,O2O - Camp Lejeune,Career Training,https://ivmf.syracuse.edu/programs/career-training/o2o-locations/camp-lejeune/,200,https://ivmf.syracuse.edu/programs/career-training/o2o-locations/camp-lejeune/,Camp Lejeune - D'Aniello Institute for Veterans and Military Families,Camp Lejeune,,https://ivmf.syracuse.edu/programs/career-training/o2o-locations/camp-lejeune/,https://ivmf.syracuse.edu/wp-json/wp/v2/pages/60524,2026-02-09T16:39:36+00:00,2724,4,7,1,0,0,"The Onward to Opportunity Program at Camp Lejeune Onward to Opportunity (O2O) is a no-cost industry-focused and validated career skills program that connects transitioning service members, veterans, and military spouses to high-demand careers in Information Technology and Business Management. The O2O Program at Camp Lejeune offers an enhanced experience with both in-person and virtual opportunities. We directly serve MCB Camp Lejeune, MCAS New River, and MCAS Cherry Point. We also serve Joint Base Charleston and other SC communities virtually. The program begins with 3-days of orientation ( 1 day in-person and 2 days virtual ) which includes career coaching, employment support, and in-depth instruction by certification subject matter experts. Following orientation, participants complete requirements for the certification of their choosing as independent study towards a 6-month deadline. Certification training is virtual and self-paced to the 6-month deadline with the option to complete",V-Cap,https://ivmf.syracuse.edu/programs/entrepreneurship/ideation/strive/v-cap/,Program,0.381,
61,O2O - NCR,Career Training,https://ivmf.syracuse.edu/programs/career-training/o2o-locations/national-capital-region/,200,https://ivmf.syracuse.edu/programs/career-training/o2o-locations/national-capital-region/,National Capital Region - D'Aniello Institute for Veterans and Military Families,National Capital Region,,https://ivmf.syracuse.edu/programs/career-training/o2o-locations/national-capital-region/,https://ivmf.syracuse.edu/wp-json/wp/v2/pages/60355,2025-07-10T17:33:47+00:00,2488,5,7,1,0,0,"The Onward to Opportunity Program at National Capital Region Onward to Opportunity (O2O) is a no-cost industry-focused and validated career skills program that connects transitioning service members, veterans, and military spouses to high-demand careers in Information Technology and Business Management. The O2O Program in the National Capital Region currently offers exclusively online cohort meetings, but will be adding in-person options in both DC and Baltimore later on in 2025. The program begins with 3-days of orientation which includes career coaching, employment support, and in-depth instruction by certification subject matter experts. Following orientation, participants complete requirements for the certification of their choosing over a 6-month course. Certification training is virtual and self-paced, with the option to complete all requirements and test at any point before the 6 month deadline. O2O is a one-time use program and upon completion, graduates are eligible to receive",O2O,https://ivmf.syracuse.edu/programs/o2o/,Program,0.600,
62,O2O - Lewish Mcchord,Career Training,https://ivmf.syracuse.edu/programs/career-training/o2o-locations/lewis-mcchord/,200,https://ivmf.syracuse.edu/programs/career-training/o2o-locations/lewis-mcchord/,Joint Base Lewis-McChord - D'Aniello Institute for Veterans and Military Families,Joint Base Lewis-McChord,,https://ivmf.syracuse.edu/programs/career-training/o2o-locations/lewis-mcchord/,https://ivmf.syracuse.edu/wp-json/wp/v2/pages/60350,2024-08-01T13:43:34+00:00,2709,3,7,1,0,0,"The Onward to Opportunity Program at Joint Base Lewis-McChord The O2O Program at Joint Base Lewis-McChord (JBLM) offers two career tracks: Information Technology and Business Management (that includes Human Resources, Project Management, Agile and Six Sigma). Your journey will begin with five (5) days of virtual classroom training and facilitation that includes career preparation workshops and subject matter expert speakers. You’re invited to connect with our employer partners to build your network and participate in informational interviews. Next, candidates begin their individual learning pathway. The first 3 months are designed for certification coursework completion, and the latter 3 months are allocated for test preparation. The courses are individually paced and can be completed ahead of schedule. Note: PMP learners will attend a live, 5-day PMP Bootcamp in Zoom, the week after we launch our cohort. We also teach a one day PMI Application class to help project management learners",Who We Are,https://ivmf.syracuse.edu/about/who-we-are/,Standard,0.357,
63,O2O - Hampton RDs,Career Training,https://ivmf.syracuse.edu/programs/career-training/o2o-locations/hampton-roads/,200,https://ivmf.syracuse.edu/programs/career-training/o2o-locations/hampton-roads/,Hampton Roads - D'Aniello Institute for Veterans and Military Families,Hampton Roads,,https://ivmf.syracuse.edu/programs/career-training/o2o-locations/hampton-roads/,https://ivmf.syracuse.edu/wp-json/wp/v2/pages/60344,2025-04-08T15:44:35+00:00,1370,4,5,1,0,0,"The Onward to Opportunity Program at Hampton Roads The O2O Program at Hampton Roads offers two career tracks: Information Technology and Business Management (that includes Human Resources, Project Management, Agile and Six Sigma). Your journey will begin with two (2) days of virtual classroom training and facilitation that includes the Onward to Your Career and Foundations courses. This portion is followed by your coursework to earn an industry certification. While you complete your certification coursework, you can also participate in events with our National Employer Partners to hone your personal marketing techniques and skills. This is a great way to gain inside perspective on careers in the private sector, while introducing yourself to companies who are looking to hire O2O graduates. Interested? Please contact us below or get started here ! Disclaimer: Some installations do not offer all possible coursework. Please contact the installation team to learn of any restrictions. Progra",Dashboards,https://ivmf.syracuse.edu/research-evaluation-and-cii/dashboards/,Hub,0.400,
64,O2O - El Paso,Career Training,https://ivmf.syracuse.edu/programs/career-training/o2o-locations/el-paso-fort-bliss/,404,,,,,,,,0,0,0,0,0,0,,Who We Are,https://ivmf.syracuse.edu/about/who-we-are/,Standard,0.476,404 Client Error: Not Found for url: https://ivmf.syracuse.edu/programs/career-training/o2o-locations/el-paso-fort-bliss/
65,O2O - Fort Campbell,Career Training,https://ivmf.syracuse.edu/programs/career-training/o2o-locations/fort-campbell/,200,https://ivmf.syracuse.edu/programs/career-training/o2o-locations/fort-campbell/,Fort Campbell - D'Aniello Institute for Veterans and Military Families,Fort Campbell,,https://ivmf.syracuse.edu/programs/career-training/o2o-locations/fort-campbell/,https://ivmf.syracuse.edu/wp-json/wp/v2/pages/60332,2026-03-11T14:35:51+00:00,1827,5,7,1,0,0,"The Onward to Opportunity Program at Fort Campbell The O2O Program at Fort Campbell offers two career tracks: Information Technology and Business Management (that includes Human Resources, Project Management, Agile and Six Sigma). Your journey will begin with 4 days of orientation(OTYC). Virtual/In-person classroom training and facilitation that includes career preparation workshops and subject matter expert speakers. You’re invited to connect with our employer partners to build your network and participate in informational interviews. Next, candidates begin their individual learning pathway. The first 3 months are designed for certification coursework completion, and the latter 3 months are allocated for test preparation. The courses are individually paced and can be completed ahead of schedule. Note : PMP learners will attend a live, 5-day PMP Bootcamp in Zoom, the week after we launch our cohort. We also offer a one day PMI Application class to help project management learners apply",Firstname Lastname,https://ivmf.syracuse.edu/about/staff/firstname-lastname/,Bio,0.400,
66,O2O - Fort Drum,Career Training,https://ivmf.syracuse.edu/programs/career-training/o2o-locations/fort-drum/,200,https://ivmf.syracuse.edu/programs/career-training/o2o-locations/fort-drum/,Fort Drum - D'Aniello Institute for Veterans and Military Families,Fort Drum,"The Onward to Opportunity Program at Fort Drum empowers highly qualified transitioning service members, veterans, and military spouses with skills...",https://ivmf.syracuse.edu/programs/career-training/o2o-locations/fort-drum/,https://ivmf.syracuse.edu/wp-json/wp/v2/pages/60337,2025-11-18T16:09:23+00:00,2732,4,6,1,0,0,"The Onward to Opportunity Program at Fort Drum Onward to Opportunity (O2O) is a no-cost industry-focused and validated career skills program that connects transitioning service members, veterans, and military spouses to high-demand careers in Information Technology and Business Management. The O2O Program at Fort Drum offers an enhanced experience with both in-person and virtual opportunities. The program begins with 3-days of orientation which includes career coaching, employment support, and in-depth instruction by certification subject matter experts. Following orientation, participants complete requirements for the certification of their choosing as independent study towards a 6-month deadline. Certification training is virtual and self-paced to the 6-month deadline with the option to complete early. O2O is a one-time use program and upon completion, graduates are eligible to receive additional opportunities as Alumni. Onward to Opportunity (O2O) will cover the cost of one certific",Support Us,https://ivmf.syracuse.edu/support-us/,Standard,0.435,
67,O2O - Fort Cavazos,Career Training,https://ivmf.syracuse.edu/programs/career-training/o2o-locations/fort-cavazos/,200,https://ivmf.syracuse.edu/programs/career-training/o2o-locations/fort-hood/,Fort Hood - D'Aniello Institute for Veterans and Military Families,Fort Hood,,https://ivmf.syracuse.edu/programs/career-training/o2o-locations/fort-hood/,https://ivmf.syracuse.edu/wp-json/wp/v2/pages/88248,2026-05-20T19:18:00+00:00,1564,5,8,2,0,0,"The Onward to Opportunity Program at Fort Hood Your journey will begin with four days of face-to-face classroom or virtual training and facilitation that includes the Onward to Your Career course and foundations course in a learning pathway of your choosing. Onward to your Career and foundations courses are followed by 12 weeks of self-paced online coursework to towards an industry certification. While you complete your certification coursework, you will also participate in networking events with our National and Local Employer Partners to hone your personal marketing techniques and skills. This is a great way to gain inside perspective on careers in the private sector while introducing yourself to companies who are looking to hire O2O graduates. Interested? Contact us at jbsao2o@syr.edu or click here to get started ! Disclaimer: Some installations do not offer all possible coursework. Please contact the installation team to learn of any restrictions. Program participants will leave wi",Support Us,https://ivmf.syracuse.edu/support-us/,Standard,0.385,
68,O2O - Charleston,Career Training,https://ivmf.syracuse.edu/programs/career-training/o2o-locations/charleston/,200,https://ivmf.syracuse.edu/programs/career-training/o2o-locations/charleston/,"Charleston, SC - D'Aniello Institute for Veterans and Military Families","Charleston, SC",,https://ivmf.syracuse.edu/programs/career-training/o2o-locations/charleston/,https://ivmf.syracuse.edu/wp-json/wp/v2/pages/80296,2026-02-04T15:43:56+00:00,1295,4,5,1,0,0,"The Onward to Opportunity Program at Charleston, SC Offers two career tracks: Information Technology & Business Management. Your journey will begin with three days of face-to-face classroom training and facilitation that includes the two-day Onward to Your Career course and the one-day foundations course in a learning pathway of your choosing. The classroom portion is followed by 6-12 weeks of online coursework to earn an industry certification. While you complete your certification coursework, you will also participate in mixer/networking events with our National Employer Partners to hone your personal marketing techniques and skills. This is a great way to gain inside perspective on careers in the private sector while introducing yourself to companies who are looking to hire O2O graduates. Interested? Please contact us below or get started here ! Disclaimer: Some installations do not offer all possible coursework. Please contact the installation team to learn of any restrictions. Pro",CEOcircle,https://ivmf.syracuse.edu/programs/entrepreneurship/scale/ceocircle/,Program,0.435,
69,O2O - Navy Region North West,Career Training,https://ivmf.syracuse.edu/programs/career-training/o2o-locations/navy-region-northwest/,200,https://ivmf.syracuse.edu/programs/career-training/o2o-locations/navy-region-northwest/,Navy Region Northwest - D'Aniello Institute for Veterans and Military Families,Navy Region Northwest,,https://ivmf.syracuse.edu/programs/career-training/o2o-locations/navy-region-northwest/,https://ivmf.syracuse.edu/wp-json/wp/v2/pages/60357,2024-08-02T12:43:15+00:00,2709,4,6,1,0,0,"The Onward to Opportunity Program at Navy Region Northwest The O2O Program at Navy Region Northwest (NRNW) offers two career tracks: Information Technology and Business Management (that includes Human Resources, Project Management, Agile and Six Sigma). Your journey will begin with five (5) days of virtual classroom training and facilitation that includes career preparation workshops and subject matter expert speakers. You’re invited to connect with our employer partners to build your network and participate in informational interviews. Next, candidates begin their individual learning pathway. The first 3 months are designed for certification coursework completion, and the latter 3 months are allocated for test preparation. The courses are individually paced and can be completed ahead of schedule. Note: PMP learners will attend a live, 5 day PMP Bootcamp in Zoom, the week after we launch our cohort. We also teach a one day PMI Application class to help project management learners apply",Policy Priorities,https://ivmf.syracuse.edu/policy/policy-priorities/,Standard,0.465,
70,O2O - Fort Knox,Career Training,https://ivmf.syracuse.edu/programs/career-training/o2o-locations/fort-knox/,200,https://ivmf.syracuse.edu/programs/career-training/o2o-locations/fort-knox/,Fort Knox - D'Aniello Institute for Veterans and Military Families,Fort Knox,,https://ivmf.syracuse.edu/programs/career-training/o2o-locations/fort-knox/,https://ivmf.syracuse.edu/wp-json/wp/v2/pages/60339,2026-03-11T14:36:45+00:00,1794,5,7,1,0,0,"The Onward to Opportunity Program at Fort Knox The O2O Program at Fort Knox offers two career tracks: Information Technology and Business Management (that includes Human Resources, Project Management, Agile and Six Sigma). Your journey will begin with 4 days of orientation(OTYC). Virtual classroom training and facilitation that includes career preparation workshops and subject matter expert speakers. You’re invited to connect with our employer partners to build your network and participate in informational interviews. Next, candidates begin their individual learning pathway. The first 3 months are designed for certification coursework completion, and the latter 3 months are allocated for test preparation. The courses are individually paced and can be completed ahead of schedule. Note: PMP learners will attend a live, 5-day PMP Bootcamp in Zoom, the week after we launch our cohort. We also offer a one day PMI Application class to help project management learners apply to PMI to sit for ",O2O,https://ivmf.syracuse.edu/programs/o2o/,Program,0.375,
71,Google Cyber,Career Training,https://ivmf.syracuse.edu/google-ai-essentials/,200,https://ivmf.syracuse.edu/google-ai-essentials/,Google AI Essentials - D'Aniello Institute for Veterans and Military Families,Google AI Essentials,,https://ivmf.syracuse.edu/google-ai-essentials/,https://ivmf.syracuse.edu/wp-json/wp/v2/pages/97159,2025-08-15T18:24:41+00:00,4582,6,5,4,0,0,"About About the Google AI Essentials, Prompting Essentials, and Accelerate Your Job Search with AI Courses In this suite of programs, learners will delve into the transformative world of Artificial Intelligence (AI), gaining essential skills to enhance productivity, solve problems, and navigate the evolving job market. Specifically, Google AI Essentials provides a foundational understanding of AI’s core concepts and practical applications for daily work tasks, from generating content to making informed decisions. Prompting Essentials focuses on the crucial skill of communicating effectively with AI, teaching a 5-step framework to craft clear, specific instructions (prompts) that yield optimal results across various AI tools. Complementing these, Accelerate Your Job Search with AI empowers job seekers to leverage AI tools (like Gemini and NotebookLM) to uncover valuable skills, build standout resumes, plan their job search strategically, manage applications efficiently, and confidently ",Policy,https://ivmf.syracuse.edu/policy/,Hub/Directory,0.444,
73,VPPCE,Career Training,https://ivmf.syracuse.edu/veterans-program-for-politics-and-civic-engagement/,200,https://ivmf.syracuse.edu/vpo/,Veterans for Public Office - D'Aniello Institute for Veterans and Military Families,Veterans for Public Office,,https://ivmf.syracuse.edu/vpo/,https://ivmf.syracuse.edu/wp-json/wp/v2/pages/73534,2026-07-13T16:08:34+00:00,8576,20,9,6,0,0,"Program Overview Veterans for Public Office (VPO) is a nonpartisan civic leadership program for veterans and military spouses interested in public service, politics, or campaign leadership at the local, state, or national level. The program combines academic insight with practical guidance to support participants at different stages of readiness through two connected tracks: Ideation and Campaign Planning. “The program was a great opportunity for me to learn more about what the process of running a campaign looks like and understanding the goals you want to have.” Jenn Kaaoush, Army Superior, CO Town Council, former U.S. Diplomat Key Topic Areas The Ideation track is designed for individuals exploring a potential path in politics or civic leadership. Participants gain a foundational understanding of the political landscape while examining their motivations, values, and opportunities for impact—without committing to a campaign. The Campaign Planning track supports participants who are a",COE,https://ivmf.syracuse.edu/resources/coe/,Standard,0.500,
74,Community Services,Community Services,https://ivmf.syracuse.edu/programs/community-services/,200,https://ivmf.syracuse.edu/programs/community-services/,Community Services - D'Aniello Institute for Veterans and Military Families,Community Services,,https://ivmf.syracuse.edu/programs/community-services/,https://ivmf.syracuse.edu/wp-json/wp/v2/pages/80408,2022-07-14T19:54:11+00:00,1413,9,8,7,0,0,"Improving the Way Communities Care for Veterans, Service Members & Their Families AmericaServes AmericaServes is the country’s first coordinated network of organizations dedicated to serving the military community by connecting them to the resources specific to their unique needs. Request Assistance Need Assistance immediately? Find a network near you and then fill out the form. Technical Assistance We work alongside communities to identify and implement customized, local solutions that best serve service members, veterans, and military families who live there. Community of Practice Through a collective learning network, the Community of Practice (CoP) is dedicated to sharing insights and best practices among community services providers from all over the country. Community Impact Our Tableau Dashboard allows anyone to view the provider reach, impact, and coordination occurring in all of our communities with easy-to-view visuals and graphs. Providers or partners, or if you’re intereste",CII Community of Practice,https://ivmf.syracuse.edu/research-evaluation-and-cii/cii/cii-community-of-practice/,Standard,0.651,
75,AmericaServes,Community Services,https://ivmf.syracuse.edu/programs/community-services/americaserves/,200,https://ivmf.syracuse.edu/programs/community-services/americaserves/,AmericaServes - D'Aniello Institute for Veterans and Military Families,AmericaServes,,https://ivmf.syracuse.edu/programs/community-services/americaserves/,https://ivmf.syracuse.edu/wp-json/wp/v2/pages/80443,2022-01-25T19:50:15+00:00,1895,6,3,3,0,0,"Our Mission Our mission is to catalyze and instill a sustainable, community-based commitment to care coordination excellence for America’s military connected members and their families. We do so by providing innovative practice, actionable strategies, technology, resources, and expertise to communities, organizations, and individuals who are willing to improve upon their efforts to serve the needs of the nation’s all-volunteer armed forces, veterans, and their families. The Challenge Today’s military-connected members and their families confront a maze of services, while providers are challenged equally by their inability to coordinate comprehensive, accurate, and timely solutions against the needs of the nation’s all-volunteer armed forces, veterans, and their families. Deeply fragmented human services and individualized silos of care prevent individuals from successfully getting the services and support they need, when they need them, from where they live –in their community. Provide",CII America Serves,https://ivmf.syracuse.edu/research-evaluation-and-cii/cii/cii-america-serves/,Standard,0.839,
76,AmericaServes Location,Community Services,https://ivmf.syracuse.edu/programs/community-services/americaserves/locations/,200,https://ivmf.syracuse.edu/programs/community-services/americaserves/locations/,AmericaServes Locations - D'Aniello Institute for Veterans and Military Families,AmericaServes Locations,,https://ivmf.syracuse.edu/programs/community-services/americaserves/locations/,https://ivmf.syracuse.edu/wp-json/wp/v2/pages/79579,2026-04-15T17:06:11+00:00,371,1,16,15,0,0,"Our Locations The IVMF’s AmericaServes program currently has networks in 15 locations, with 3 being affiliate communities. Each network connects local human service providers through our coordinated care platform. This creates a single point of entry designed to help veterans and service members access resources and services in their communities. AmericaServes Homepage",CII America Serves,https://ivmf.syracuse.edu/research-evaluation-and-cii/cii/cii-america-serves/,Standard,0.650,
77,AmericaServes Insights,Community Services,https://ivmf.syracuse.edu/programs/community-services/americaserves/insights/,200,https://ivmf.syracuse.edu/programs/community-services/americaserves/insights/,AmericaServes Insights - D'Aniello Institute for Veterans and Military Families,AmericaServes Insights,,https://ivmf.syracuse.edu/programs/community-services/americaserves/insights/,https://ivmf.syracuse.edu/wp-json/wp/v2/pages/80071,2025-08-27T20:28:37+00:00,1311,1,0,0,0,0,"Capturing the evolution of coordinated care for veterans over the last decade From 2015-2021, the D’Aniello Institute for Veterans and Military Families seeded and grew 17 networks focused on coordinating resources and pathways to care for veterans and military families in communities across the nation. Our goal was clear: grow and support networks while also cultivating local ownership of the networks by the communities they served. Gradually, networks matured to the point where they could rely on local support to ensure their continued operations. By June of 2021, the 17 networks had evolved to local ownership, merged with neighboring networks, or went inactive. The legacy of the AmericaServes initiative is reflected in the growth and changes for each of these networks. Likewise, the IVMF continues to leverage its best-in-class subject matter expertise, developed through the AmericaServes initiative, to support communities in their own veteran-serving coordinated care journeys. The i",CII America Serves,https://ivmf.syracuse.edu/research-evaluation-and-cii/cii/cii-america-serves/,Standard,0.650,
78,AmericaServes Technical Assistance,Community Services,https://ivmf.syracuse.edu/programs/community-services/technical-assistance/,200,https://ivmf.syracuse.edu/programs/community-services/technical-assistance/,Technical Assistance - D'Aniello Institute for Veterans and Military Families,Technical Assistance,,https://ivmf.syracuse.edu/programs/community-services/technical-assistance/,https://ivmf.syracuse.edu/wp-json/wp/v2/pages/80414,2021-11-22T13:39:12+00:00,1727,9,3,4,0,0,"What We Do Landscape Assessment From digging into demographic information to interviewing key community stakeholders, our team can help provide a comprehensive picture of a community’s veteran service landscape to help identify gaps and areas of opportunity Strategy For communities ready to take the next step, our team provides customized strategies including implementation roadmaps and stakeholder identification & mobilization plans. Analytics We believe data drives meaningful change and shows true impact. From KPI development to assessments of existing tools/technologies/data to on-going analysis, our services seek to help the communities we work alongside to drive change. Operations Communities around the country are already well underway in their care coordination journey. Our team can provide expertise and guidance in how to implement best practices in serving the military-connected population through process mapping, change management support, and more. How We Do it Discover – De",CII America Serves,https://ivmf.syracuse.edu/research-evaluation-and-cii/cii/cii-america-serves/,Standard,0.500,
83,AS Location - PAServes,Community Services,https://ivmf.syracuse.edu/programs/community-services/americaserves/locations/paserves/,200,https://ivmf.syracuse.edu/programs/community-services/americaserves/locations/paserves/,PAServes - D'Aniello Institute for Veterans and Military Families,PAServes,,https://ivmf.syracuse.edu/programs/community-services/americaserves/locations/paserves/,https://ivmf.syracuse.edu/wp-json/wp/v2/pages/78499,2022-01-25T18:57:00+00:00,1610,1,7,0,0,0,"PAServes - Greater Pittsburgh About Services Team Contact AmericaServes Homepage All AmericaServes Locations GET ASSISTANCE NOW Monday – Friday, 8:30 AM-4:30 PM. Contact: 1-844-857-8387 Walk-in Crisis Services Available 24/7 at: 2934 Smallman St, Pittsburgh, PA 15201 If you are having a medical emergency, call 911 or go to the nearest hospital. If you are experiencing a crisis, call Resolve Crisis Services at 1-888-YOU-CAN (1-888-796-8226). Pittsburgh is home to the third AmericaServes network, PAServes – Greater Pittsburgh. Led by a fantastic team within Veterans Leadership Program, the Coordination Center for PAServes – Greater Pittsburgh brings together service providers across Allegheny, Westmoreland, and Butler Counties. Veterans Leadership Program is a nationally-known premier veteran service organization. For nearly 40 years, we’ve worked to empower Veterans to navigate their transition from military service to civilian life. VLP offers a comprehensive service portfolio consisti",CII America Serves,https://ivmf.syracuse.edu/research-evaluation-and-cii/cii/cii-america-serves/,Standard,0.526,
85,AS Location - SCServes,Community Services,https://ivmf.syracuse.edu/programs/community-services/americaserves/locations/scserves-2/,200,https://ivmf.syracuse.edu/programs/community-services/americaserves/locations/scserves-2/,SCServes - D'Aniello Institute for Veterans and Military Families,SCServes,,https://ivmf.syracuse.edu/programs/community-services/americaserves/locations/scserves-2/,https://ivmf.syracuse.edu/wp-json/wp/v2/pages/87766,2026-04-15T17:09:44+00:00,359,0,1,0,0,0,"Currently, the SCServes Coordination Center is no longer operational. If you need assistance please reach out to SC Department of Veteran Affairs and contact your local county affairs office . If you are having a medical emergency, call 911 or go to the nearest hospital. If you are experiencing a crisis, call or text the Veteran Crisis Line at 988, press 1.",CII America Serves,https://ivmf.syracuse.edu/research-evaluation-and-cii/cii/cii-america-serves/,Standard,0.526,
88,AS Location - TXServes - RGV,Community Services,https://ivmf.syracuse.edu/programs/community-services/americaserves/locations/txserves-rgv/,200,https://ivmf.syracuse.edu/programs/community-services/americaserves/locations/txserves-rgv/,TXServes: RGV - D'Aniello Institute for Veterans and Military Families,TXServes: RGV,,https://ivmf.syracuse.edu/programs/community-services/americaserves/locations/txserves-rgv/,https://ivmf.syracuse.edu/wp-json/wp/v2/pages/78992,2024-05-09T15:29:51+00:00,318,1,1,0,0,0,"TXServes - Rio Grande Valley The RGV Texas Coordination Center is no longer operational. If you are having a medical emergency, call 911 or go to the nearest hospital. If you are experiencing a crisis, call the Veteran Crisis Line at 988 & press 1 or you can text 838255. Please visit Unite Texas for more assistance .",CII America Serves,https://ivmf.syracuse.edu/research-evaluation-and-cii/cii/cii-america-serves/,Standard,0.476,
92,AS Location - WAServes,Community Services,https://ivmf.syracuse.edu/programs/community-services/americaserves/locations/waserves/,200,https://ivmf.syracuse.edu/programs/community-services/americaserves/locations/waserves/,WAServes - D'Aniello Institute for Veterans and Military Families,WAServes,,https://ivmf.syracuse.edu/programs/community-services/americaserves/locations/waserves/,https://ivmf.syracuse.edu/wp-json/wp/v2/pages/83209,2023-08-22T14:45:09+00:00,460,0,2,0,0,0,"As of March 10 th , the WAServes Coordination Center is no longer operational. If you are a veteran or military connected family seeking assistance for services we recommend reaching out to 2-1-1 or the Washington State Department of Veterans Affairs to help get you connected. If you are having a medical emergency, call 911 or go to the nearest hospital. If you are experiencing a crisis, call the Veteran Crisis Line at 988 & press 1 or you can text 838255.",CII America Serves,https://ivmf.syracuse.edu/research-evaluation-and-cii/cii/cii-america-serves/,Standard,0.526,
93,AS Location - SyracuseServes,Community Services,https://ivmf.syracuse.edu/programs/community-services/americaserves/locations/syracuseserves/,200,https://ivmf.syracuse.edu/programs/community-services/americaserves/locations/syracuseserves/,SyracuseServes - D'Aniello Institute for Veterans and Military Families,SyracuseServes,,https://ivmf.syracuse.edu/programs/community-services/americaserves/locations/syracuseserves/,https://ivmf.syracuse.edu/wp-json/wp/v2/pages/79778,2025-05-21T20:05:07+00:00,1152,1,8,0,0,0,"Request Assistance Veteran Resources Veterans Benefits Network Providers News & Events Contact AmericaServes Homepage All AmericaServes Locations SyracuseServes is here to assist military-connected families SyracuseServes is located in the National Veterans Resource Center (NVRC) at the Daniel and Gayle D’Aniello Building, as a program of the D’Aniello Institute for Veteran and Military Families (IVMF). The coordinated care network ensures our military-connected community can easily and successfully navigate to the care, resources, and services they need. Having access to and navigating care and services help veterans and their families sustain healthy, productive, and economically stables lives following separation from the armed forces. SyracuseServes’ operating hours are Monday – Friday, 8:30 am – 5:00 pm. Closed Saturday and Sunday. Phone Number : 1-877-797-8381 Who We Serve: We aim to support all individuals who have worn the uniforms of our military – regardless of age, era, bran",CII America Serves,https://ivmf.syracuse.edu/research-evaluation-and-cii/cii/cii-america-serves/,Standard,0.455,
94,AS Location - Sserves - Request Assistance,Community Services,https://ivmf.syracuse.edu/programs/community-services/americaserves/locations/syracuseserves/request-assistance/,200,https://ivmf.syracuse.edu/programs/community-services/americaserves/locations/syracuseserves/request-assistance/,SyracuseServes - Request Assistance - D'Aniello Institute for Veterans and Military Families,SyracuseServes – Request Assistance,,https://ivmf.syracuse.edu/programs/community-services/americaserves/locations/syracuseserves/request-assistance/,https://ivmf.syracuse.edu/wp-json/wp/v2/pages/83883,2024-11-15T18:26:59+00:00,657,2,6,1,0,0,"About Veteran Resources Veterans Benefits Network Providers News & Events Contact Counties We Cover The SyracuseServes staff have a unique understanding of how difficult it can be to transition from military to civilian life or determine what benefits are available. Services coordinated include applying for VA benefits, Education, Financial Assistance, Healthcare, Housing, Legal, Social Activities/Meeting Fellow Vets, Mentoring, Sports & Fitness, Spouse and Family Support, and more. Counties : Onondaga, Oswego, Madison, Cortland, and Cayuga. 1-877-797-8381 National Veterans Resource Center (NVRC) 101 Waverly Avenue Syracuse, NY 13244 Get Assisstance",Conferences and Pitch,https://ivmf.syracuse.edu/resources/conferences-and-pitch/,Standard,0.373,
95,AS Location - Sserves - Veteran Resources,Community Services,https://ivmf.syracuse.edu/programs/community-services/americaserves/locations/syracuseserves/veteran-resources/,200,https://ivmf.syracuse.edu/programs/community-services/americaserves/locations/syracuseserves/veteran-resources/,SyracuseServes - Veteran Resources - D'Aniello Institute for Veterans and Military Families,SyracuseServes – Veteran Resources,,https://ivmf.syracuse.edu/programs/community-services/americaserves/locations/syracuseserves/veteran-resources/,https://ivmf.syracuse.edu/wp-json/wp/v2/pages/83890,2022-05-13T13:30:24+00:00,10462,8,62,0,0,0,"About Request Assistance Veterans Benefits Network Providers News & Events Contact SyracuseServes has taken reasonable steps to vet this list of Veteran resources. We believe them to be good programs working in good faith to assist veterans. In some cases, we have a direct experience in working with these organizations. In other cases, we are recommending them based on their reputation and the information we have available. SyracuseServes does not guarantee any particular outcome from any of these resources and is not liable for any negative outcomes any group or individual may experience. Please contact us directly at 1-877-797-8381 or email syracuseserves@syr.edu with any feedback or questions about a particular resource listed here. Crisis NVF Lifeline for Vets – 1-888-777-4443 VA Suicide Hotline – 1-800-273-8255 National Suicide Hotline – 1-800-273-TALK (8255) Stop Soldier Suicide – 1.800.273.8255 #1 General State Veterans Service Offices (housing, employment, education, VA benefit",Entrepreneurship Bootcamp for Veterans,https://ivmf.syracuse.edu/programs/entrepreneurship/growth/entrepreneurship-bootcamp-for-veterans/,Program,0.427,
96,AS Location - Sserves - Veteran Benefits,Community Services,https://ivmf.syracuse.edu/programs/community-services/americaserves/locations/syracuseserves/veteran-benefits/,200,https://ivmf.syracuse.edu/programs/community-services/americaserves/locations/syracuseserves/veteran-benefits/,SyracuseServes - Veteran Benefits - D'Aniello Institute for Veterans and Military Families,SyracuseServes – Veteran Benefits,,https://ivmf.syracuse.edu/programs/community-services/americaserves/locations/syracuseserves/veteran-benefits/,https://ivmf.syracuse.edu/wp-json/wp/v2/pages/83897,2022-05-13T13:30:14+00:00,1757,2,40,0,0,0,"About Request Assistance Veteran Resources Network Providers News & Events Contact Welcome to our Veterans Benefits Page. These pages will help you identify and apply for any benefits that may be available to you or your family. Benefits Available to Veterans The Department of Veteran Affairs Booklet provides a comprehensive listing of the programs and benefits available to Veterans and their families. We strongly recommend you download a copy , or that you visit your nearest DVA facility and pick up a hard copy. The Veterans Administration provides a variety of programs that assist the family members of veterans. Click here to view our Survivors and Dependents page . In addition, some states provide additional benefits , such as property tax reductions, educational benefits and reduced fees for various licenses. Click on the links above, or use the links in the menu to the right to explore the benefits that may be available to you, and their restrictions. Quick links to Resources Requ",Career Education and Training,https://ivmf.syracuse.edu/about/career-education-and-training/,Standard,0.462,
97,AS location - Sserves - Network Providers,Community Services,https://ivmf.syracuse.edu/programs/community-services/americaserves/locations/syracuseserves/network-providers/,200,https://ivmf.syracuse.edu/programs/community-services/americaserves/locations/syracuseserves/network-providers/,SyracuseServes - Network Providers - D'Aniello Institute for Veterans and Military Families,SyracuseServes – Network Providers,,https://ivmf.syracuse.edu/programs/community-services/americaserves/locations/syracuseserves/network-providers/,https://ivmf.syracuse.edu/wp-json/wp/v2/pages/83904,2022-05-13T13:30:39+00:00,1271,2,7,0,0,1,"About Request Assistance Veteran Resources Veterans Benefits Network Providers News & Events Contact SyracuseServes providers are public, private, and non-profit organizations that can serve veterans and military-connected families. These local providers already serve the community, and their services can be enhanced through leveraged technology and coordinated care. Coordinated care empowers providers to maximize collaboration and enhance efficiency, making it easier for veterans and their families to get the support they need in the shortest amount of time. Value of a Collaborative Network Addresses navigation challenges and co-occurring needs through a no-wrong door approach to holistic care coordination across 20 service categories. Maximizes resources by ensuring clients are served by the best-fit providers, and maintains accountability and history to ensure long-term success. Shared technology enables continuous measurement and research, and communities of practice allow for shar",Conferences and Pitch,https://ivmf.syracuse.edu/resources/conferences-and-pitch/,Standard,0.414,
98,AS Location - Sserves - News & events,Community Services,https://ivmf.syracuse.edu/programs/community-services/americaserves/locations/syracuseserves/news-events/,200,https://ivmf.syracuse.edu/programs/community-services/americaserves/locations/syracuseserves/news-events/,SyracuseServes - News & Events - D'Aniello Institute for Veterans and Military Families,SyracuseServes – News & Events,,https://ivmf.syracuse.edu/programs/community-services/americaserves/locations/syracuseserves/news-events/,https://ivmf.syracuse.edu/wp-json/wp/v2/pages/83911,2024-02-12T15:55:46+00:00,230,0,13,7,0,0,About Request Assistance Veteran Resources Veterans Benefits Network Providers Contact Veterans Day Expo Veterans Day Expo – Day 2 Syracuse Crunch Game NYS Fair Syracuse Servers in NVRC NVRC Grand Hall Resettlement Support Meeting,Conferences and Pitch,https://ivmf.syracuse.edu/resources/conferences-and-pitch/,Standard,0.536,
99,AS Location - Sseves - Contact,Community Services,https://ivmf.syracuse.edu/programs/community-services/americaserves/locations/syracuseserves/contact-us/,200,https://ivmf.syracuse.edu/programs/community-services/americaserves/locations/syracuseserves/contact-us/,SyracuseServes - Contact - D'Aniello Institute for Veterans and Military Families,SyracuseServes – Contact,,https://ivmf.syracuse.edu/programs/community-services/americaserves/locations/syracuseserves/contact-us/,https://ivmf.syracuse.edu/wp-json/wp/v2/pages/80828,2022-05-13T13:29:58+00:00,399,1,6,0,0,1,"Contact us if you have questions! About Request Assistance Veteran Resources Veterans Benefits Network Providers News & Events Name * First Last Email * Phone * We're here to serve, connect with us below or leave a review! * If you left a review of the network, can SyracuseServes share your review? Yes Δ 1-877-797-8381 National Veterans Resource Center (NVRC) 101 Waverly Avenue Syracuse, NY 13244",Publications,https://ivmf.syracuse.edu/publications/,Hub/Directory,0.421,
100,New Mexico Landscape Assessment,Community Services,https://ivmf.syracuse.edu/new-mexico-veteran-services/,200,https://ivmf.syracuse.edu/new-mexico-veteran-services/,Enhancing New Mexico Veteran Services - D'Aniello Institute for Veterans and Military Families,Enhancing New Mexico Veteran Services,,https://ivmf.syracuse.edu/new-mexico-veteran-services/,https://ivmf.syracuse.edu/wp-json/wp/v2/pages/96169,2026-04-13T18:57:26+00:00,3439,9,15,7,0,0,"About With the support of the New Mexico State Legislature, the D’Aniello Institute for Veterans and Military Families (IVMF) is leading a multi-phase project to design a coordinated care system for New Mexican service members, veterans, and their families. In the project’s first phase, the IVMF conducted a landscape assessment to understand the needs of the military-connected community and examined the viability of a coordinated care system for the state. We found that veteran-serving organizations that participated felt that a coordinated care network would be of value to New Mexico veterans, but questions on how best to implement such a network remained. In the current phase of the project the IVMF is working closely with its fiscal sponsor—the New Mexico State Department of Veteran Services—to engage with veteran serving organizations across the state to collect their thoughts and feedback on the design of a network. With this information, the IVMF will create a programmatic roadma",Firstname Lastname,https://ivmf.syracuse.edu/about/staff/firstname-lastname/,Bio,0.408,
101,Community of Practice,Community Services,https://ivmf.syracuse.edu/programs/community-services/community-of-practice/,200,https://ivmf.syracuse.edu/programs/community-services/community-of-practice/,Community of Practice - D'Aniello Institute for Veterans and Military Families,Community of Practice,,https://ivmf.syracuse.edu/programs/community-services/community-of-practice/,https://ivmf.syracuse.edu/wp-json/wp/v2/pages/80478,2022-11-11T20:57:28+00:00,5285,10,4,6,0,1,"About The IVMF Community of Practice (CoP) is a collective learning network dedicated to sharing insights and best practices among community service providers from all over the country. Together, the CoP raises the level of quality, transparency, and accountable service delivery while building upon providers’ professional competencies to serve clients and build greater organizational capacity to extend their reach. Communities of Practice operate at three levels: local, regional, and national. COP Components Best Practices By participating in the CoP, you’ll be joining others who share a common interest and the unique challenges serving the military-connected community. Scholarships Are you a coordination center or provider interested in applying to our Community of Practice scholarships? Learn more about our scholarship and see past recipients. Gatherings As part of the larger IVMF and AmericaServes family, coordination centers and providers gain access to additional learning and netw",CII Community of Practice,https://ivmf.syracuse.edu/research-evaluation-and-cii/cii/cii-community-of-practice/,Standard,0.913,
102,Regonal CoP,Community Services,https://ivmf.syracuse.edu/programs/community-services/community-of-practice/regional-cop/,200,https://ivmf.syracuse.edu/programs/community-services/community-of-practice/regional-cop/,Regional CoP - D'Aniello Institute for Veterans and Military Families,Regional CoP,,https://ivmf.syracuse.edu/programs/community-services/community-of-practice/regional-cop/,https://ivmf.syracuse.edu/wp-json/wp/v2/pages/84024,2022-11-11T20:31:18+00:00,1610,1,2,2,0,0,"Together, the CoP raises the level of quality, transparency, and accountable service delivery while building upon providers’ professional competencies to service clients and build greater organizational capacity to extend their reach. Overall, this collective impact approach has led to some significant impact: Veterans and spouses are more likely to find faster, more simplified navigation across service providers; more personalized, supportive care coordination and referrals Service providers network with others who share common interest and unique challenges serving the military connected population in their local community and across the country. They also gain access to subject matter experts in the veteran serving ecosystem and build stronger relationships through discussions, activities, and learning – building a professional network with knowledge, methods, stories, and toolkits. Funders find the collective approach will achieve more local outcomes more efficiently with more impa",Testimonials,https://ivmf.syracuse.edu/policy/testimonials/,Hub/Directory,0.435,
103,CoP Scholarship,Community Services,https://ivmf.syracuse.edu/programs/community-services/community-of-practice/cop-scholarships/,200,https://ivmf.syracuse.edu/programs/community-services/community-of-practice/cop-scholarships/,Community of Practice - Scholarships - D'Aniello Institute for Veterans and Military Families,Community of Practice – Scholarships,,https://ivmf.syracuse.edu/programs/community-services/community-of-practice/cop-scholarships/,https://ivmf.syracuse.edu/wp-json/wp/v2/pages/84012,2023-04-24T16:58:13+00:00,2298,3,0,2,0,0,"Applications Currently Closed Each year the Community of Practice offers two scholarships for CoP members and community providers to further support professional development and build organizational capacity. The scholarship will reopen in the spring of 2024. Marvin Freeman, Jr. Spirit of Compassion Scholarship Marvin Freeman, Jr. Spirit of Compassion Scholarship In the summer of 2017, Eastern Carolina Human Services Agency (ECHSA) and the entire AmericaServes community lost team member, Marvin Freeman, Jr. In honor of Marvin’s compassion, positive spirit, and commitment to helping veterans through his work at the NCServes-Coastal coordination center, the Marvin Freeman, Jr. Spirit of Compassion Scholarship was created to support opportunities for members of the National Community of Practice. Congratulations to 2023 recipients Veterans Bridge Home and Veteran Services of the Carolinas who will each complete Peer Support Training and certification in Wellness Recovery Action Plan (WRAP",Entrepreneurship,https://ivmf.syracuse.edu/programs/entrepreneurship/,Landing,0.387,
104,Cop Texas,Community Services,https://ivmf.syracuse.edu/programs/community-services/community-of-practice/regional-cop/texas-regional-cop/,200,https://ivmf.syracuse.edu/programs/community-services/community-of-practice/regional-cop/texas-regional-cop/,Texas Regional CoP - D'Aniello Institute for Veterans and Military Families,Texas Regional CoP,,https://ivmf.syracuse.edu/programs/community-services/community-of-practice/regional-cop/texas-regional-cop/,https://ivmf.syracuse.edu/wp-json/wp/v2/pages/84032,2023-04-10T18:16:45+00:00,774,0,7,0,0,0,"With support from the Walmart Foundation, the IVMF is proud to work alongside the Texas Veterans Network – Combined Arms and AACOG, and TXServes-Rio Grande Valley to connect providers across the Lone Star State. Crisis Intervention Strategies Presentation Slides Watch the presentation Grant Writing for Non-Profits Presentation Slides 5 Things We Learned About Grant Writing. Coordinated Care and Knowledge of Regional Resources Presentation Slides Watch the Presentation MRE: Military Recruitment and Employment Hear from the Bexar County Military & Veteran Service Center Executive Director, Keith Wilson, followed by a panel of community resources to hep assist a veteran or military spouse seeking employment. Date : April 20th, 2pm CST Location : Virtual Register Here",COE,https://ivmf.syracuse.edu/resources/coe/,Standard,0.500,
105,Technical Assistance,Community Services,https://ivmf.syracuse.edu/programs/community-services/technical-assistance/,200,https://ivmf.syracuse.edu/programs/community-services/technical-assistance/,Technical Assistance - D'Aniello Institute for Veterans and Military Families,Technical Assistance,,https://ivmf.syracuse.edu/programs/community-services/technical-assistance/,https://ivmf.syracuse.edu/wp-json/wp/v2/pages/80414,2021-11-22T13:39:12+00:00,1727,9,3,4,0,0,"What We Do Landscape Assessment From digging into demographic information to interviewing key community stakeholders, our team can help provide a comprehensive picture of a community’s veteran service landscape to help identify gaps and areas of opportunity Strategy For communities ready to take the next step, our team provides customized strategies including implementation roadmaps and stakeholder identification & mobilization plans. Analytics We believe data drives meaningful change and shows true impact. From KPI development to assessments of existing tools/technologies/data to on-going analysis, our services seek to help the communities we work alongside to drive change. Operations Communities around the country are already well underway in their care coordination journey. Our team can provide expertise and guidance in how to implement best practices in serving the military-connected population through process mapping, change management support, and more. How We Do it Discover – De",Testimonial Title,https://ivmf.syracuse.edu/policy/testimonials/testimonial-title/,Testimonial,0.541,
106,Insights,Community Services,https://ivmf.syracuse.edu/programs/community-services/americaserves/insights/,200,https://ivmf.syracuse.edu/programs/community-services/americaserves/insights/,AmericaServes Insights - D'Aniello Institute for Veterans and Military Families,AmericaServes Insights,,https://ivmf.syracuse.edu/programs/community-services/americaserves/insights/,https://ivmf.syracuse.edu/wp-json/wp/v2/pages/80071,2025-08-27T20:28:37+00:00,1311,1,0,0,0,0,"Capturing the evolution of coordinated care for veterans over the last decade From 2015-2021, the D’Aniello Institute for Veterans and Military Families seeded and grew 17 networks focused on coordinating resources and pathways to care for veterans and military families in communities across the nation. Our goal was clear: grow and support networks while also cultivating local ownership of the networks by the communities they served. Gradually, networks matured to the point where they could rely on local support to ensure their continued operations. By June of 2021, the 17 networks had evolved to local ownership, merged with neighboring networks, or went inactive. The legacy of the AmericaServes initiative is reflected in the growth and changes for each of these networks. Likewise, the IVMF continues to leverage its best-in-class subject matter expertise, developed through the AmericaServes initiative, to support communities in their own veteran-serving coordinated care journeys. The i",CII,https://ivmf.syracuse.edu/research-evaluation-and-cii/cii/,Hub,0.364,
107,Community News,Community Services,https://ivmf.syracuse.edu/programs/community-services/community-news/,200,https://ivmf.syracuse.edu/programs/community-services/community-news/,Community News - D'Aniello Institute for Veterans and Military Families,Community News,,https://ivmf.syracuse.edu/programs/community-services/community-news/,https://ivmf.syracuse.edu/wp-json/wp/v2/pages/76698,2022-11-17T16:19:25+00:00,4308,0,5,1,0,0,"Needs Have Changed Over the past five years, AmericaServes has seen a consistent trend in top service requests of: Housing & Shelter, Benefits Navigation, and Employment across community networks. COVID- 19 and the immediate impacts caused a shift in this trend, with requests addressing basic human needs like Food Assistance and Income Support joining the top tier of critical service needs. | This reflects the reality many military-connected clients are facing, and the amazing way our providers have shifted to meet those needs. For example, the Brentwood VFW, a provider in our PAServes-Pittsburgh network , has seen a spike in referrals since the onset of COVID-19 , receiving 512 referrals, of which 347 were for food assistance alone, since March 2020. Not Everyone is Impacted Equally COVID-19 has created long lasting impacts on veterans and their families health and the economy, but not all people in the military population have been impacted in the same way. In partnership with the na",Find a Community,https://ivmf.syracuse.edu/resources/find-a-community/,Standard,0.600,
108,Research and Analytics,Research,https://ivmf.syracuse.edu/research-analytics/,200,https://ivmf.syracuse.edu/research-analytics/,Research + Analytics + Policy - D'Aniello Institute for Veterans and Military Families,Research + Analytics + Policy,,https://ivmf.syracuse.edu/research-analytics/,https://ivmf.syracuse.edu/wp-json/wp/v2/pages/248,2025-12-02T20:24:35+00:00,3830,15,17,13,0,0,"A Trusted National Resource The IVMF research and analytics team is a trusted national resource for expertise, data and insights, and cultural competence in serving veterans and their families. Located on a R1 designated research university, we anchor the Institute’s programs and services, and empower government, private industry, higher education, and philanthropy to better address today’s toughest challenges facing the veteran and military community. Who We Are Experts in the fields of business and entrepreneurship, data analytics, evaluation, family studies, higher education, organizational psychology, public policy, public health and epidemiology, non-profit management, and sociology. Problem solvers, advisors, and collaborative partners. Driven by a passion for transparency, quality, and relevance to those we serve. What We Do Lead applied research studies and program evaluations. Inform public and private sector leaders on veterans’ leading concerns. Measure, monitor, and drive c",Research Evaluation and CII,https://ivmf.syracuse.edu/research-evaluation-and-cii/,Landing,0.571,
109,Team,Research,https://ivmf.syracuse.edu/research-analytics/ra-team/,200,https://ivmf.syracuse.edu/research-analytics/ra-team/,Research & Analytics Team - D'Aniello Institute for Veterans and Military Families,Research & Analytics Team,,https://ivmf.syracuse.edu/research-analytics/ra-team/,https://ivmf.syracuse.edu/wp-json/wp/v2/pages/81473,2022-06-07T21:12:41+00:00,7633,51,69,30,0,0,"Our Team IVMF’s multi-disciplinary bench of more than 30 research and analytics professionals bring decades of experience across the fields of business and entrepreneurship, economics, organizational psychology, higher education, data and information science, public policy, public health and epidemiology, non-profit management, social work, anthropology, and sociology. Research Team Faculty Associates Adjunct Associates Research Assistants Research & Analytics Staff IVMF’s Research and Analytics Team anchors the Institute’s programs and services and empowers government, private industry, higher education, and philanthropic organizations to effectively address today’s toughest challenges facing the veteran and military community. stacy-hawkins-web_final Stacy Ann Hawkins, Ph.D. Managing Director | Research & Evaluation shawki03@syr.edu Hope-Hack-Petersen_web Hope Petersen, M.S.W Evaluation Associate hhpeters@syr.edu Cassidy-Cooper_web Cassidy Cooper, Ph.D. Senior Evaluation Associate CC",Meet the Team,https://ivmf.syracuse.edu/about/meet-the-team/,Standard,0.471,
110,Applied Research,Research,https://ivmf.syracuse.edu/research-analytics/applied-research/,200,https://ivmf.syracuse.edu/research-analytics/applied-research/,Applied Research - D'Aniello Institute for Veterans and Military Families,Applied Research,,https://ivmf.syracuse.edu/research-analytics/applied-research/,https://ivmf.syracuse.edu/wp-json/wp/v2/pages/75608,2024-05-03T14:15:27+00:00,2737,11,50,49,0,0,"Our multi-disciplinary team of applied social science research professionals conduct independent and sponsored nonpartisan research to identify gaps in knowledge, policy, and practice, and deliver action-oriented solutions for our partners. Our research team informs IVMF programs, guides future direction, and empowers action across the veteran and military-connected community. Capabilities Policy Analysis Advanced Statistical Methods Surveys, Polling, and Panel Studies Case Studies, Interviews, and Focus Groups Practical Research Translation Who We Work With Federal, State, and Local Governments Philanthropy Industry Community-Based Organizations Higher Education Why IVMF Research We leverage the diverse capabilities of higher education to discover, inform, and address the most pressing challenges facing transitioning service members, veterans, and military families–and to empower our partners who serve those who served. Featured Research Employing Military Spouses – The Force Behind T",Applied Research,https://ivmf.syracuse.edu/research-evaluation-and-cii/research/applied-research/,Hub/Directory,1.000,
111,Research Projects,Research,https://ivmf.syracuse.edu/research-analytics/applied-research/research-projects/,200,https://ivmf.syracuse.edu/research-analytics/applied-research/research-projects/,Research Projects - D'Aniello Institute for Veterans and Military Families,Research Projects,,https://ivmf.syracuse.edu/research-analytics/applied-research/research-projects/,https://ivmf.syracuse.edu/wp-json/wp/v2/pages/75658,2026-03-19T19:51:34+00:00,3293,9,32,29,0,0,"Select a topic below and you will be directed on the page to the appropriate research. You can also choose to scroll down the page to view the research by topics. For more research visit Our Publications . Research Topics Employment Entrepreneurship Education Community Support Employment Reimaging Military Spouse Employment “Hire” Education: Strengthening the Connections Between Employers and Student Veterans Employing Veteran and Military Family Talent: Thought Leadership Series Employment Situation of Veteran Employing Military Spouses – The Force Behind The Force Series Enhancing Veterans’ Access to STEM Education and Careers: A Labor Market Analysis of Veterans in the STEM Workforce Work After Service: Developing Workforce Readiness and Veteran Talent for the Future Military Families: Perceptions, Challenges, and Barriers to Voting Participation and Absentee Voting Revisiting the Business Case for Hiring a Veteran Entrepreneurship National Survey of Military-Affiliated Entreprenuer",Projects,https://ivmf.syracuse.edu/research-evaluation-and-cii/evaluation/projects/,Hub/Directory,0.640,
112,Research Reviews,Research,https://ivmf.syracuse.edu/research-analytics/research-reviews/,200,https://divmflibrary.syr.edu/our-publications/research-reviews,Research Reviews - IVMF Digital Library,Research Reviews,,,,,4134,12,74,5,0,4,"You are logged in as a CMS user. Return to Site Manager X Keyboard Shortcuts Back Skip to main content Keyboard Shortcuts Skip to main content Keyboard shortcuts can be used to navigate aspects of this site without a mouse or cursor. When viewing a resource item, select or tab into the image viewer and use the following controls to manipulate the image. Move up: w or [up arrow] Move down: s or [down arrow] Move left: a or [left arrow] Move right: d or [right arrow] Return to centre: 0 Zoom in: = or [shift] + w or [shift] + [up arrow] Zoom out: - or [shift] + s or [shift] + [down arrow] Rotate clockwise: r Rotate counterclockwise: R Flip horizontally: f Back Ok Back Ok Skip to main content Skip to main content Hello, | My Account: Logout My Account: Logout | Restricted Content: Logout My Account: Logout | Restricted Content: Approved IP address Hello, | My Account: Logout | Restricted Content: Logout Hello, | My Account: Logout | Restricted Content: Approved IP address You are able to v",Resources,https://ivmf.syracuse.edu/resources/,Landing,0.560,
113,NSMAE,Research,https://ivmf.syracuse.edu/nsmae/,200,https://ivmf.syracuse.edu/nsmae/,National Survey of Military-Affiliated Entrepreneurs - D'Aniello Institute for Veterans and Military Families,National Survey of Military-Affiliated Entrepreneurs,"The NSMAE Series on military-affiliated entrepreneurs consists of reports, publications, and presentations that are based on the NSMAE data.",https://ivmf.syracuse.edu/nsmae/,https://ivmf.syracuse.edu/wp-json/wp/v2/pages/77394,2025-10-09T19:37:53+00:00,17475,34,35,25,0,0,"About the Study The National Survey of Military-Affiliated Entrepreneurs (NSMAE) is a confidential, multi-year study that seeks to better understand military-affiliated entrepreneurs. The goal is to identify opportunities and barriers that military-affiliated entrepreneurs face. This information will be used to create a public dataset that can inform practitioners, policy makers, and communities about these needs and advance opportunities. This research is supported by Walmart. Current Publications Veteran Entrepreneur Ecosystem This brief is designed for funders, program leaders, and policymakers working to build stronger veteran entrepreneurship ecosystems, bringing together insights about veteran entrepreneurial ecosystems from Military Entrepreneurship Forum (MEF) roundtable conversations, the National Survey of Military-Affiliated Entrepreneurs (NSMAE), and other entrepreneurship research. View The Report The Ins and Outs of Procurement Contracting Business contracting opportuniti",NSMAE,https://ivmf.syracuse.edu/research-evaluation-and-cii/projects/nsmae/,Standard,1.000,
114,NSMAE Toolkit,Research,https://ivmf.syracuse.edu/nsmae/toolkit/,200,https://ivmf.syracuse.edu/nsmae/toolkit/,National Survey of Military-Affiliated Entrepreneurs Toolkit - 2024 - D'Aniello Institute for Veterans and Military Families,National Survey of Military-Affiliated Entrepreneurs Toolkit – 2024,,https://ivmf.syracuse.edu/nsmae/toolkit/,https://ivmf.syracuse.edu/wp-json/wp/v2/pages/79955,2024-08-15T16:24:53+00:00,7258,9,28,4,0,0,"Join the Fourth National Survey of Military-Affiliated Entrepreneurs! We are thrilled to announce the fourth biannual National Survey of Military-Affiliated Entrepreneurs (#MilBizSurvey)! This is your chance to influence the future of military entrepreneurship by sharing your unique experiences and challenges. Why Your Voice Matters Your participation is crucial in shaping the future of military entrepreneurship in several impactful ways: Shaping Research – Your input will contribute to essential publications and briefs, offering valuable insights into the military entrepreneur community. These findings help inform policymakers and support organizations. Access data briefs and publications . Shaping Programming – Your feedback aids in developing tailored support programs for military-affiliated entrepreneurs, ensuring their effectiveness and relevance. Programs shaped by your input include the Veteran EDGE Conference , MEF , and M2M (Military to Market). Building Entrepreneur Communiti",NSMAE,https://ivmf.syracuse.edu/research-evaluation-and-cii/projects/nsmae/,Standard,0.556,
115,Reimagining Military Spouse Employment,Research,https://ivmf.syracuse.edu/reimagining-military-spouse-employment/,200,https://ivmf.syracuse.edu/reimagining-military-spouse-employment/,Reimagining Military Spouse Employment - D'Aniello Institute for Veterans and Military Families,Reimagining Military Spouse Employment,,https://ivmf.syracuse.edu/reimagining-military-spouse-employment/,https://ivmf.syracuse.edu/wp-json/wp/v2/pages/96676,2026-06-26T17:55:30+00:00,16381,31,26,9,0,0,"Understanding the Employment Landscape and Advancing Economic Mobility Military spouses are among the most capable and committed members of the American workforce. They bring strong educational backgrounds, relevant experience, and a consistent interest in employment, yet continue to face barriers to job access, career continuity, and advancement. This series offers new insight into the military spouse employment landscape by drawing together federal data, sector analysis, and prior research. It focuses on where military spouses work, the roles they hold, and how employment patterns reflect broader structural dynamics. The series begins with a comprehensive landscape report and a data brief on industry and occupational trends. Upcoming briefs will examine geographic variation, earnings gaps, policy constraints, and the cumulative effects of relocation and caregiving on employment outcomes. The aim is to support employers, policymakers, researchers, and advocates with clear, actionable ",Military Founders Lab,https://ivmf.syracuse.edu/programs/entrepreneurship/startup/military-founders-lab/,Program,0.475,
116,Force Behind The Force,Research,https://ivmf.syracuse.edu/research-analytics/military-spouse-employment-series/,200,https://ivmf.syracuse.edu/research-analytics/military-spouse-employment-series/,Employing Military Spouses – The Force Behind the Force Series - D'Aniello Institute for Veterans and Military Families,D'Aniello Institute for Veterans and Military Families,,https://ivmf.syracuse.edu/research-analytics/military-spouse-employment-series/,https://ivmf.syracuse.edu/wp-json/wp/v2/pages/72043,2022-06-23T18:40:05+00:00,6886,6,134,18,0,2,Skip to content About IVMF History Team Why Syracuse University Programs Entrepreneurship Getting Started Ideation Start Up Growth Resources and Initiatives Career Training Getting Started O2O By The Numbers About O2O Learning Pathways O2O Locations O2O Admission Employer Partners FAQ Higher Education Apply Our Programs Apply to O2O EBV Application EBV-F Application EBV Accelerate Application V-WISE Application Research + Analytics + Policy About IVMF Research & Analytics Team Applied Research Research Projects Evaluation & Analytics Projects Policy Engagement Data Insights & Tools Data Philosophy Data Strategy Veterans Strategic Analysis & Research Tool (V-START) Our Publications Support IVMF Alumni News D'Aniello Institute for Veterans and Military Families Menu Contact Digital Library Support IVMF Alumni search Search IVMF Search for × About IVMF Team History Bunker Labs: A Legacy of Impact Impact Careers National Veterans Resource Center Why Syracuse University Partners & Funders P,Conferences and Pitch,https://ivmf.syracuse.edu/resources/conferences-and-pitch/,Standard,0.465,
117,Employment Situation,Research,https://ivmf.syracuse.edu/employment-situation-of-veterans/,200,https://ivmf.syracuse.edu/employment-situation-of-veterans/,The Employment Situation of Veterans - D'Aniello Institute for Veterans and Military Families,The Employment Situation of Veterans,,https://ivmf.syracuse.edu/employment-situation-of-veterans/,https://ivmf.syracuse.edu/wp-json/wp/v2/pages/87198,2026-05-11T14:57:04+00:00,11302,23,142,71,0,0,"Employment Reports Each month the Bureau of Labor Statistics (BLS) releases their employment and unemployment report. Below are some key insights from those reports focused on veteran employment. 2026 The Employment Situation of Veterans – April 2026 On May 5 th , the Bureau of Labor Statistics (BLS) reported that employment edged up by 115,000 in April, and the unemployment rate was unchanged at 4.3 percent. Job gains occurred in health care, transportation and warehousing, and retail trade. Federal government employment continued to decline. [1] Among veterans, unemployment decreased from 3.9 percent in March 2026 to 3.6 percent in April 2026. Post-9/11 veteran unemployment also decreased from 4.5 percent in March to 4.0 percent in April. Of the 296,000 unemployed veterans in April 2026, 20 percent were unemployed less than 5 weeks, 17 percent for 5 to 14 weeks, and 64 percent for 15 weeks or more, with a mean duration of 34.5 weeks and a median of 24.6 weeks. Read More ▶ The Employm",Employement Report,https://ivmf.syracuse.edu/research-evaluation-and-cii/projects/employement-report/,Report,0.632,
118,Publications,Research,https://ivmf.syracuse.edu/article/,200,https://ivmf.syracuse.edu/article/,Articles Archive - D'Aniello Institute for Veterans and Military Families,Publications,,https://ivmf.syracuse.edu/article/,,,3739,11,12,0,0,1,"Filter by Topic Community Support Education Employment Entrepreneurship Families Financial Readiness Health & Wellness Measurement and Evaluation Policy Spotlight Clear All All Publications Sort By Date (Newest First) Date (Oldest First) Title (A - Z) Title (Z - A) 7.07.26 | Employment The Employment Situation of Veterans – June 2026 On July 2nd, the Bureau of Labor Statistics (BLS) reported that both total nonfarm payroll employment (+57,000) and the unemployment rate (4.2 percent) changed little in June. Employment continued to trend up in professional and business services, so... Read More ▶ 6.05.26 | Employment The Employment Situation of Veterans – May 2026 On June 5th, the Bureau of Labor Statistics (BLS) reported that employment increased by 172,000 in May, and the unemployment rate was unchanged at 4.3 percent. Job gains occurred in leisure and hospitality, local government, and health care. Employme... Read More ▶ 5.28.26 | Employment Planning to Pivot: Employment Lessons from",Publications,https://ivmf.syracuse.edu/publications/,Hub/Directory,1.000,
119,Research Opportunities,Research,https://ivmf.syracuse.edu/rostker-ivmf-dissertation-research-fund/,200,https://ivmf.syracuse.edu/rostker-ivmf-dissertation-research-fund/,Apply for the Bernard D. and Louise C. Rostker IVMF Dissertation Research Fund - D'Aniello Institute for Veterans and Military Families,Apply for the Bernard D. and Louise C. Rostker IVMF Dissertation Research Fund,,https://ivmf.syracuse.edu/rostker-ivmf-dissertation-research-fund/,https://ivmf.syracuse.edu/wp-json/wp/v2/pages/84273,2025-12-05T14:43:38+00:00,1311,1,2,0,0,0,"Applications now open until December 15, 2025 The Bernard D. and Louise C. Rostker IVMF Dissertation Research Fund supports dissertation research on veteran-and military family-related topics to be conducted by Syracuse University Ph.D. candidates through the D’Aniello Institute for Veterans and Military Families. The fund application is open to Syracuse University doctoral candidates from all Syracuse schools and colleges and the fund will support one or more Syracuse University Ph.D. candidate(s) doing dissertation research on veteran and/or military family-related topics. Bernard and Louise Rostker are recipients of advanced degrees from Syracuse University. Bernard received a master’s degree and Ph.D. in Economics and Louise earned a master’s degree in Social Work. Through the IVMF Dissertation Research fund, the Rostkers hope to give graduate students a boost during a critical time in their lives as they reach their research goals and set out into their careers. Syracuse Universit",Support Us,https://ivmf.syracuse.edu/support-us/,Standard,0.500,
120,Evaluation & Analytics,Evaluation,https://ivmf.syracuse.edu/research-analytics/evaluation-analytics/,200,https://ivmf.syracuse.edu/research-analytics/evaluation-analytics/,Evaluation & Analytics - D'Aniello Institute for Veterans and Military Families,Evaluation & Analytics,,https://ivmf.syracuse.edu/research-analytics/evaluation-analytics/,https://ivmf.syracuse.edu/wp-json/wp/v2/pages/75685,2024-11-14T20:53:47+00:00,2267,5,11,8,0,0,"Our team focuses on two primary efforts: 1) evaluating IVMF programs and services and 2) enhancing evaluation and building capacity for our partners. This collaborative approach encourages team members to exchange key learnings and strategic approaches between projects, continuously improving our services. What We Do Discover & Plan – We design evaluation frameworks using tools such as literature reviews, theories of change, process diagrams, and logic models to inform program development, measurement, and storytelling. Collect & Analyze – We evaluate the impacts of programs and services through quantitative and qualitative data collection and analysis methods and offer practical findings and recommendations. Guide & Adapt – We support programmatic, process, and data improvements related to collection, storage, and analysis. Share & Educate – We tailor the presentation of evaluation and insights to various audiences, including funders, the general public, veteran service organizations,",Dashboards,https://ivmf.syracuse.edu/research-evaluation-and-cii/dashboards/,Hub,1.000,
121,Current Projects,Evaluation,https://ivmf.syracuse.edu/research-analytics/evaluation-analytics/current-projects/,200,https://ivmf.syracuse.edu/research-analytics/evaluation-analytics/current-projects/,Current Projects - D'Aniello Institute for Veterans and Military Families,Current Projects,,https://ivmf.syracuse.edu/research-analytics/evaluation-analytics/current-projects/,https://ivmf.syracuse.edu/wp-json/wp/v2/pages/91090,2024-11-15T16:38:48+00:00,4365,6,2,6,0,0,"The following are some of the projects that the evaluation and capacity team is currently engaged in. Currently, our projects include work within the domains of long-term evaluation, capacity building, metric development, and mixed methodological approaches. Face the Fight Face the Fight (FTF) is a coalition founded by USAA to bring together corporations, foundations, nonprofits, and veteran-focused organizations to raise awareness and support for veteran suicide prevention. IVMF joined the coalition in early 2024 to implement geospatial technology and provide organizations with enhanced data on their veteran and military clients. This enhanced data allows organizations to provide more timely and accurate services to veterans in need of support. National Medal of Honor Museum Foundation The Medal of Honor Museum Foundation is comprised of three primary components: the National Medal of Honor Museum, the National Medal of Honor Griffin Institute, and the future National Medal of Honor M",Projects,https://ivmf.syracuse.edu/research-evaluation-and-cii/evaluation/projects/,Hub/Directory,1.000,
122,Past Projects,Evaluation,https://ivmf.syracuse.edu/research-analytics/evaluation-analytics/past-projects/,200,https://ivmf.syracuse.edu/research-analytics/evaluation-analytics/past-projects/,Past Projects - D'Aniello Institute for Veterans and Military Families,Past Projects,,https://ivmf.syracuse.edu/research-analytics/evaluation-analytics/past-projects/,https://ivmf.syracuse.edu/wp-json/wp/v2/pages/91102,2024-11-15T16:36:47+00:00,5325,6,4,6,0,0,"Explore just a few of our past projects. Where possible, we have included samples of our public-facing client reports. Please feel free to read through the work we’ve done. We add projects here as we complete them, so check back in the future for new reports! Tennessee Board of Regents TBR, the college system of Tennessee, provides training programs, guidelines, and a certification to help institutions within their system better support student veterans’ academic success. Our team is evaluating the original strategies presented by the Veterans Education Task Force to identify whether state policy actions have adequately addressed barriers to student veteran access and completion at TBR community colleges and colleges of applied technology. These efforts include an inventory filled out by representatives of each TBR institution, surveys of staff/faculty and students, and focus groups with students. Veteran Reconnect Grant Researching Student Veteran Academic Success Elks National Vetera",Projects,https://ivmf.syracuse.edu/research-evaluation-and-cii/evaluation/projects/,Hub/Directory,1.000,
123,Projects,Evaluation,https://ivmf.syracuse.edu/research-analytics/evaluation-analytics/projects/,404,,,,,,,,0,0,0,0,0,0,,Projects,https://ivmf.syracuse.edu/research-evaluation-and-cii/evaluation/projects/,Hub/Directory,1.000,404 Client Error: Not Found for url: https://ivmf.syracuse.edu/research-analytics/evaluation-analytics/projects/
124,Service Offerings,Evaluation,https://ivmf.syracuse.edu/research-analytics/evaluation-analytics/service-offerings/,200,https://ivmf.syracuse.edu/research-analytics/evaluation-analytics/service-offerings/,Service Offerings - D'Aniello Institute for Veterans and Military Families,Service Offerings,,https://ivmf.syracuse.edu/research-analytics/evaluation-analytics/service-offerings/,https://ivmf.syracuse.edu/wp-json/wp/v2/pages/91088,2024-03-18T16:32:32+00:00,788,2,3,0,0,0,"Custom Contracts The majority of our evaluation and capacity building work with external partners involves custom contracts. These projects range from 3 months to ongoing relationships. We work closely with our clients to design contracts that will meet their unique needs, including evaluation, analytics, capacity building, program theory and more. Please check out some of our current and recent work pages to see more of what we’re working on! Short-Term Services We are currently working on developing a selection of short-term evaluation and capacity building services for clients to partner with us on! Check back soon to see options. Want to help us develop these services? Take our survey and provide us with feedback on the five services we are considering offering! Take Survey",Development,https://ivmf.syracuse.edu/development/,Landing,0.429,
125,Policy Engagement,Policy,https://ivmf.syracuse.edu/research-analytics/policy-engagement/,200,https://ivmf.syracuse.edu/research-analytics/policy-engagement/,Policy Engagement - D'Aniello Institute for Veterans and Military Families,Policy Engagement,,https://ivmf.syracuse.edu/research-analytics/policy-engagement/,https://ivmf.syracuse.edu/wp-json/wp/v2/pages/75726,2026-07-09T18:08:14+00:00,3968,12,14,7,0,0,"Public policy aimed at supporting veterans is most effective when it’s informed by evidence and experience. The IVMF empowers public sector leaders by translating insights from research and practice into better policymaking. What We Do Provide relevant research and expertise on key issues to policymakers and their staff through testimony, briefings and thought leadership Lead the charge on important policy priorities necessary to supporting the veteran population Amplify and support partner efforts advancing research-backed policy. Why It’s Important Good veteran and military family public policy can and should be beneficial for all Americans. Veterans and their families are a valuable asset to our communities and the economy. A thriving veteran population with equal opportunity to pursue their post-service aspirations is the surest incentive to sustaining a capable, all-volunteer force, and the security of the United States. Improving Lives of Veterans Every veteran and their family i",Policy,https://ivmf.syracuse.edu/policy/,Hub/Directory,0.522,
126,Policy Priorities,Policy,https://ivmf.syracuse.edu/ivmf-policy-priorities/,200,https://ivmf.syracuse.edu/ivmf-policy-priorities/,IVMF Policy Priorities - D'Aniello Institute for Veterans and Military Families,IVMF Policy Priorities,,https://ivmf.syracuse.edu/ivmf-policy-priorities/,https://ivmf.syracuse.edu/wp-json/wp/v2/pages/73065,2024-11-18T13:57:45+00:00,12749,15,29,6,0,0,"Select a Policy Priority I'm not a veteran, why is this important to me? The National Veterans Policy Framework is rooted in the belief that good veteran and military family policy is good for all Americans. This idea manifests itself in three main ways: Transferability – The Policy Priorities of the National Veteran Policy Framework represent innovations in social service delivery with transferability to many other populations. Because veterans are considered a “deserving” population, they have historically been the seed from which many social service programs grow from. Federally-funded college education, home-ownership incentives and a healthcare safety net all got their start in the United States as policies aimed to serve veterans. As innovations from the National Veteran Policy Framework are considered by government, they will lay the groundwork for those innovations to spread to other populations. Fiscal Sustainability – An underpinning theme of this framework is increased coord",Policy Priorities,https://ivmf.syracuse.edu/policy/policy-priorities/,Standard,1.000,
127,Data Insights and Tools,Data,https://ivmf.syracuse.edu/research-analytics/data-insights-tools/,200,https://ivmf.syracuse.edu/research-analytics/data-insights-tools/,Data Insights & Tools - D'Aniello Institute for Veterans and Military Families,Data Insights & Tools,,https://ivmf.syracuse.edu/research-analytics/data-insights-tools/,https://ivmf.syracuse.edu/wp-json/wp/v2/pages/75738,2023-11-29T17:03:26+00:00,2537,10,15,11,0,0,"We unlock the power of data to deliver timely insights on our programs, and for our partners and those we serve. From data management solutions to dynamic visualization tools, we draw upon diverse public, administrative, and primary data sources to drive better decisions, improve quality of services, and strengthen transparency. Our Philosophy We are committed to open and responsible data sharing as well as the privacy of research participants and the protection of confidential and proprietary data. Learn more about our data philosophy. Our Approach Leveraging data and analytics for good is a journey that requires strong culture and governance as much as talent and technology. Learn more about our journey and strategy. Our Capabilities Master Data Management Data Integration & Reporting Dashboards & Visualizations Impact Communications VIDEO | Using Data to Innovate, Inform & Inspire: Data Disruption and Transformation in a Nonprofit World VIDEO | IVMF Using SAS Data Management to Bett",Partners and Founders,https://ivmf.syracuse.edu/about/partners-and-founders/,Standard,0.500,
128,Data Philosophy,Data,https://ivmf.syracuse.edu/research-analytics/veteran-data-insights/data-philosophy/,200,https://ivmf.syracuse.edu/research-analytics/data-philosophy/,Data Philosophy - D'Aniello Institute for Veterans and Military Families,Data Philosophy,,https://ivmf.syracuse.edu/research-analytics/veteran-data-insights__trashed/data-philosophy/,https://ivmf.syracuse.edu/wp-json/wp/v2/pages/75746,2022-11-17T16:44:46+00:00,3600,14,9,0,0,0,"IVMF's Data Philosophy Our goal is to advance the practice and policy supporting America’s military families through research, analytics, and data solutions that empower action in the following focus areas: post-service economic opportunities, community-based care coordination, business ownership, and data/evidence-driven services. Our Mission & Core Principles → Unlocking the Value of our data → Better outcomes for our partners Our Foundations We accomplish our mission by following 3 foundational ideas: Data is what allows us to figure out how we grow Data is what enables us to solve cutting-edge questions Data is what allows us to make informed decisions Our Principles All our work is centered around these principles: Data should be accessible to the end users Data should be shared as much as possible Data should be managed via strong governance Data should be relevant and accurate Data should have a stated purpose and be useful Our Value The foundations of our philosophy come from o",Ideation,https://ivmf.syracuse.edu/programs/entrepreneurship/ideation/,Hub/Directory,0.435,
129,Data Strategy,Data,https://ivmf.syracuse.edu/research-analytics/veteran-data-insights/data-strategy/,200,https://ivmf.syracuse.edu/research-analytics/data-strategy/,Data Strategy - D'Aniello Institute for Veterans and Military Families,Data Strategy,,https://ivmf.syracuse.edu/research-analytics/veteran-data-insights__trashed/data-strategy/,https://ivmf.syracuse.edu/wp-json/wp/v2/pages/75751,2024-01-12T05:53:34+00:00,2291,8,4,7,0,0,"Data: A Critical Asset IVMF programs and research hinge on accurate and reliable data. Data itself is not simply a byproduct of what we do. Rather, it is a critical asset: to serve and inform others, to make informed decisions, and to know whether we are making an impact. Drawing insights across a broad portfolio of national programs and research, however, each generating or collecting diverse data, requires more than analytics talent and technology. It requires an enterprise data strategy. As a data-driven organization, the IVMF takes special care to identify how the data we rely upon creates value through our work: from identifying which data and data projects matter most, to how that data is stored and managed, to how it supports our teammates, partners, and those we serve. Value Having a defined strategy for using data allows us to produce value by: Quantifying the success of our data initiatives Making future state decisions bases on relevant info Informing solutions to current pr",V-Start,https://ivmf.syracuse.edu/research-evaluation-and-cii/dashboards/v-start/,Standard,0.500,
130,VSTART,Data,https://ivmf.syracuse.edu/research-analytics/veteran-data-insights/v-start/,200,https://ivmf.syracuse.edu/research-analytics/data-insights-tools/v-start/,V-START - D'Aniello Institute for Veterans and Military Families,V-START,,https://ivmf.syracuse.edu/research-analytics/data-insights-tools/v-start/,https://ivmf.syracuse.edu/wp-json/wp/v2/pages/60682,2026-06-29T13:47:13+00:00,3167,12,10,5,0,0,"Veterans Strategic Analysis & Research Tool (V-START) V-START is an invaluable data visualization tool that consolidates veteran demographic, education, socioeconomic, and unemployment data into a user-friendly interface that allows users to quickly analyze and explore geographic areas of interest to uncover trends and inform decisions related to veteran programs and services. V-START is a valuable data visualization resource for anyone interested in understanding the current landscape for transitioning veterans. The tool can help transitioning service members, veterans, and military families make more informed choices post-service. Likewise, corporations, foundations, non-profits, and government agencies can all use the tool to inform data-driven decisions related to initiatives that will positively influence veterans and their families. For questions or comments on the tool’s functionality, please contact us. If you are having any issues viewing the date please check your privacy set",V-Start,https://ivmf.syracuse.edu/research-evaluation-and-cii/dashboards/v-start/,Standard,1.000,
131,VSTART Dashboard,Data,https://ivmf.syracuse.edu/research-analytics/veteran-data-insights/v-start/v-start-dashboards/,200,https://ivmf.syracuse.edu/research-analytics/data-insights-tools/v-start/v-start-dashboards/,V-START Dashboards - D'Aniello Institute for Veterans and Military Families,V-START Dashboards,,https://ivmf.syracuse.edu/research-analytics/data-insights-tools/v-start/v-start-dashboards/,https://ivmf.syracuse.edu/wp-json/wp/v2/pages/60717,2024-04-19T12:59:07+00:00,2503,6,1,1,0,0,"County Comparison Dashboard Allows users to simultaneously compare three counties of interest across multiple variables, including veteran population, unemployment, and socioeconomic status. Visualizations in this dashboard help users understand veteran conditions in the selected locations, and facilitates the identification of counties in greatest need of support based on factors that are important to the user. State Unemployment by Age Dashboard Presents veteran unemployment rate distribution across states and age population. Users can compare veteran unemployment against non-veteran unemployment and drill down into states. If interested in specific age populations, users can drill down into pre-defined age ranges to analyze how unemployment varies across states. This information allows users to better understand unemployment conditions in each state and identify areas where veterans struggle the most when transitioning into the civilian workforce. State Report Summarizes veteran dem",V-Start,https://ivmf.syracuse.edu/research-evaluation-and-cii/dashboards/v-start/,Standard,1.000,
132,NSMAE Dashboard,Data,https://ivmf.syracuse.edu/research-analytics/data-insights-tools/nsmae-dashboard/,200,https://ivmf.syracuse.edu/research-analytics/data-insights-tools/nsmae-dashboard/,National Survey of Military-Affiliated Entrepreneurs (NSMAE) Dashboard - D'Aniello Institute for Veterans and Military Families,National Survey of Military-Affiliated Entrepreneurs (NSMAE) Dashboard,,https://ivmf.syracuse.edu/research-analytics/data-insights-tools/nsmae-dashboard/,https://ivmf.syracuse.edu/wp-json/wp/v2/pages/85040,2022-09-19T13:57:15+00:00,1601,4,8,3,0,0,"About The National Survey of Military-Affiliated Entrepreneurs (NSMAE) is an ongoing, multi-year study that seeks to better understand military-affiliated entrepreneurs. The D’Aniello Institute for Veterans and Military Families (IVMF) began collecting data for this survey annually starting in 2020 with support from the Ewing Marion Kauffman Foundation. The goal is to identify opportunities and barriers that military-affiliated entrepreneurs face. This dashboard provides an interactive way to explore survey results for anyone in the public who would benefit from these insights – but particularly for policymakers, veteran service organizations, researchers, and others dedicated to understanding and promoting veteran entrepreneurship . Visualize the data from this comprehensive survey with interactive graphics in the way that best meets your need for data insights, presentations, or other purposes. Researchers are encouraged to explore this public data dashboard and to contact us with co",Dashboards,https://ivmf.syracuse.edu/research-evaluation-and-cii/dashboards/,Hub,0.720,
133,Support IVMF,Development,https://ivmf.syracuse.edu/support-ivmf/,200,https://ivmf.syracuse.edu/support-ivmf/,Support IVMF - D'Aniello Institute for Veterans and Military Families,Support IVMF,,https://ivmf.syracuse.edu/support-ivmf/,https://ivmf.syracuse.edu/wp-json/wp/v2/pages/252,2025-11-24T21:09:52+00:00,4395,10,15,19,0,0,"Give Online Every gift you make helps fund vital career and entrepreneurial programming at no cost to participants. Give Now Give Monthly Become an Ally for Veteran Empowerment today and join a coalition dedicated to providing steady, reliable support that veterans and their families can count on. Give Each Month Give in Honor Dedicate your gift to a loved one or someone who has served our country as a way to honor and remember them. Select “my gift is a tribute”. Give Now Real Stories Slide 1 My experience with the IVMF has been incredibly positive. The organization's dedication to empowering veteran entrepreneurs is evident in the quality of their programs and the ongoing support they provide. Haotian Bai, Army EDGE '23, '24 | EBV-A '23 | VPPCE '23 | CEOCircle '24 IVMF has been very active in ensuring that I'm aware of the many resources available, and that I have the support needed to explore which ones are best suited for my business. Some of the professional development programs t",Support Us,https://ivmf.syracuse.edu/support-us/,Standard,0.727,
134,Alumni,Alumni,https://ivmf.syracuse.edu/alumni,200,https://ivmf.syracuse.edu/alumni/,Alumni - D'Aniello Institute for Veterans and Military Families,Alumni,,https://ivmf.syracuse.edu/alumni/,https://ivmf.syracuse.edu/wp-json/wp/v2/pages/253,2026-04-29T14:31:55+00:00,7729,15,42,1,1,0,"Welcome to the Family! As a graduate or participant of one of the Institute for Veterans and Military Families’ programs, you are a part of an ever-growing network of IVMF alumni across the globe! As IVMF was founded at Syracuse University and is headquartered on their campus, completing an IVMF program also makes you a Syracuse University alum! This extensive network is here for you to stay connected and leverage for your professional/entrepreneurial journey. Take advantage of resources, webinars, and a community of veterans and military spouses that share the IVMF bond through their post-service lives. Long after you complete your course or residency, you are connected to the IVMF team for follow-up resources and opportunities as your professional goals evolve. No matter if you graduated from Onward to Opportunity or the entrepreneurship programs, the Alumni Services team supports all IVMF graduates in realizing and accomplishing their professional and personal goals. Connect with Al",Alumni,https://ivmf.syracuse.edu/alumni/,Landing,1.000,
135,Alumni - O2O,Alumni,https://ivmf.syracuse.edu/alumni/o2o-pps/,200,https://ivmf.syracuse.edu/alumni/#1-alumni-resources,Alumni - D'Aniello Institute for Veterans and Military Families,Alumni,,https://ivmf.syracuse.edu/alumni/,https://ivmf.syracuse.edu/wp-json/wp/v2/pages/253,2026-04-29T14:31:55+00:00,7729,15,42,1,1,0,"Welcome to the Family! As a graduate or participant of one of the Institute for Veterans and Military Families’ programs, you are a part of an ever-growing network of IVMF alumni across the globe! As IVMF was founded at Syracuse University and is headquartered on their campus, completing an IVMF program also makes you a Syracuse University alum! This extensive network is here for you to stay connected and leverage for your professional/entrepreneurial journey. Take advantage of resources, webinars, and a community of veterans and military spouses that share the IVMF bond through their post-service lives. Long after you complete your course or residency, you are connected to the IVMF team for follow-up resources and opportunities as your professional goals evolve. No matter if you graduated from Onward to Opportunity or the entrepreneurship programs, the Alumni Services team supports all IVMF graduates in realizing and accomplishing their professional and personal goals. Connect with Al",Alumni,https://ivmf.syracuse.edu/alumni/,Landing,0.750,
136,Alumni - EBV,Alumni,https://ivmf.syracuse.edu/alumni/ebv-pps/,200,https://ivmf.syracuse.edu/alumni/#1-alumni-resources,Alumni - D'Aniello Institute for Veterans and Military Families,Alumni,,https://ivmf.syracuse.edu/alumni/,https://ivmf.syracuse.edu/wp-json/wp/v2/pages/253,2026-04-29T14:31:55+00:00,7729,15,42,1,1,0,"Welcome to the Family! As a graduate or participant of one of the Institute for Veterans and Military Families’ programs, you are a part of an ever-growing network of IVMF alumni across the globe! As IVMF was founded at Syracuse University and is headquartered on their campus, completing an IVMF program also makes you a Syracuse University alum! This extensive network is here for you to stay connected and leverage for your professional/entrepreneurial journey. Take advantage of resources, webinars, and a community of veterans and military spouses that share the IVMF bond through their post-service lives. Long after you complete your course or residency, you are connected to the IVMF team for follow-up resources and opportunities as your professional goals evolve. No matter if you graduated from Onward to Opportunity or the entrepreneurship programs, the Alumni Services team supports all IVMF graduates in realizing and accomplishing their professional and personal goals. Connect with Al",Alumni,https://ivmf.syracuse.edu/alumni/,Landing,0.750,
137,Alumni - BL,Alumni,https://ivmf.syracuse.edu/alumni/bl-pps,404,,,,,,,,0,0,0,0,0,0,,Alumni,https://ivmf.syracuse.edu/alumni/,Landing,0.800,404 Client Error: Not Found for url: https://ivmf.syracuse.edu/alumni/bl-pps
138,Alumni - VWISE,Alumni,https://ivmf.syracuse.edu/alumni/v-vwise-pps,404,,,,,,,,0,0,0,0,0,0,,Alumni,https://ivmf.syracuse.edu/alumni/,Landing,0.667,404 Client Error: Not Found for url: https://ivmf.syracuse.edu/alumni/v-vwise-pps
139,Alumni - Volunteer,Alumni,https://ivmf.syracuse.edu/alumni/volunteer-form,200,https://ivmf.syracuse.edu/alumni/volunteer-form/,Volunteer Form - D'Aniello Institute for Veterans and Military Families,Volunteer Form,,https://ivmf.syracuse.edu/alumni/volunteer-form/,https://ivmf.syracuse.edu/wp-json/wp/v2/pages/60775,2021-06-28T18:57:58+00:00,0,0,0,0,0,0,,Alumni,https://ivmf.syracuse.edu/alumni/,Landing,0.545,
140,Shopping Guide,Shopping Guide,https://ivmf.syracuse.edu/buy-military-owned/,200,https://ivmf.syracuse.edu/buy-military-owned/,Buy Military-Owned Guide - D'Aniello Institute for Veterans and Military Families,Buy Military-Owned Guide,"Shop our military-owned shopping guide with over 400 veteran, active duty, reservists and military spouse-owned businesses!",https://ivmf.syracuse.edu/buy-military-owned/,https://ivmf.syracuse.edu/wp-json/wp/v2/pages/77701,2024-11-04T15:40:30+00:00,1121,3,15,13,0,0,"Shop IVMF’s military-owned shopping guide with over 500 veteran, active duty, reservists and military spouse-owned businesses! Get an authentic shopping experience by shopping small while supporting our troops and military families at the same time. Find the perfect gift for somebody special or discover a new local coffee shop. You can also browse our large variety of services which include consultants, healthcare, financial services, and more. IVMF is proud to support all veteran and military-connected businesses. Are you Procurement Ready? IVMF has joined forces with Walmart to deliver tools and resources to help illuminate a path to procurement for veteran and military spouse entrepreneurs. Get Procurement Ready Want to get your business on the list? Submit your product or service by clicking the proper tile below. Have a friend or family member you want to nominate? Fill out this form. View The Form Shop Veteran & Military Spouse-Owned Products Shop Veteran & Military Spouse-Owned ",Shopping Guide,https://ivmf.syracuse.edu/resources/shopping-guide/,Standard,1.000,
141,Guide - Apparel and Accessories,Shopping Guide,https://ivmf.syracuse.edu/buy-military-owned/apparel-and-accessories/,200,https://ivmf.syracuse.edu/buy-military-owned/apparel-and-accessories/,Apparel and Accessories - D'Aniello Institute for Veterans and Military Families,Apparel and Accessories,,https://ivmf.syracuse.edu/buy-military-owned/apparel-and-accessories/,https://ivmf.syracuse.edu/wp-json/wp/v2/pages/77730,2021-05-25T13:46:29+00:00,5806,0,118,10,0,0,Go Back To Main Page Business Name City State Website 16 Submarines Poulsbo Washington 16submarines.com 27 West DuPont Washington shop27west.com 3H Corps Newport News Virginia 3hcorps.com A & A Custom Apparel Clarksville Tennessee aacustomapparel22.com Abby Maddy Designs Kingsport Tennessee abbymaddy.com Alpine Rings Charlotte North Carolina alpinerings.com Assault Forward Bethesda Maryland assaultforward.us Authentically American Nashville Tennessee authenticallyamerican.us Bamtech bamtechusa.com Baskets and Beads Kenya Irvine California basketsandbeadskenya.com BDG Safety Las Vegas Nevada bdgsafety.com Bison Union Company Sheridan Wyoming bisonunion.com Blue Ribbon Buckle Co. Firebaugh California blueribbonbuckleco.com Boglot Paterson New Jersey boglot.com Brass and Unity brassandunity.com Breathe Healthy Williamsburg Virginia breathehealthy.com Brotallion Dallas Texas brotallion.com Cane & Cavallino Limburg Netherlands canecavallino.com Charlie Madison Originals Frederick Maryland c,Partners and Founders,https://ivmf.syracuse.edu/about/partners-and-founders/,Standard,0.440,
142,Guide - Food and Beverage,Shopping Guide,https://ivmf.syracuse.edu/buy-military-owned/beer-spirits/,200,https://ivmf.syracuse.edu/buy-military-owned/beer-spirits/,Beer & Spirits - D'Aniello Institute for Veterans and Military Families,Beer & Spirits,,https://ivmf.syracuse.edu/buy-military-owned/beer-spirits/,https://ivmf.syracuse.edu/wp-json/wp/v2/pages/77725,2021-05-25T13:37:39+00:00,749,0,23,10,0,0,Go Back To Main Page Business Name City State Website 2 Fat Guys Spirits Bozeman Montana 2fatguysspirits.com AME Imports Lyons Georgia sangarrum.com American Freedom Distillery St. Petersburg Florida horsesoldierbourbon.com Antipolíticas Jacksonville North Carolina antipoliticas.com Bravery Wines Penn Yan New York bravery.wine Heroes Vodka Nashville Tennessee heroesvodka.com Hola Coquito Brooklyn New York holacoquito.com Honor Brewing Company Chantilly Virginia honorbrewing.com Hotel Tango Distillery Indianapolis Indiana hoteltangodistillery.com Six & Twenty Distillery Piedmont South Carolina sixandtwentydistillery.com Willie's Distillery Ennis Montana williesdistillery.com Props Craft Brewery & Taproom Fort Walton Florida propsbrewery.com,Career Education and Training,https://ivmf.syracuse.edu/about/career-education-and-training/,Standard,0.423,
143,Guide - Coffee,Shopping Guide,https://ivmf.syracuse.edu/buy-military-owned/coffee,200,https://ivmf.syracuse.edu/buy-military-owned/coffee/,Coffee - D'Aniello Institute for Veterans and Military Families,Coffee,,https://ivmf.syracuse.edu/buy-military-owned/coffee/,https://ivmf.syracuse.edu/wp-json/wp/v2/pages/77716,2021-05-25T13:37:42+00:00,1500,0,37,10,0,0,Go Back To Main Page Business Name City State Website 606 Coffee Roasters Chicago Illinios 606.coffee Alma Coffee Woodstock Georgia myalmacoffee.com Alpha Coffee Cottonwood Heights Utah alpha.coffee Black Ink Coffee Orland Maine blackinkcoffee.com Black Rifle Coffee Company Salt Lake City Utah blackriflecoffee.com Counter Strike Coffee Richmond Texas counterstrikecoffeecompany.com Craft Coffee House Lockport New York craftcoffeehousewny.com Cuvee Coffee Austin Texas cuveecoffee.com Devil Dog Brew Littletown Colorado devildogbrew.org Devil Dog Cold Brew Buda Texas devildogcoffeecompany.com Dope Coffee Atlanta Georgia realdope.coffee Fathom Coffee Virginia Beach Virginia fathomcoffee.com Fire Department Coffee Rockford Illinois firedeptcoffee.com Grounds4Cause Goodyear Arizona grounds4cause.com Isla Coffee Company Midlothian Virginia islacoffeeco.com Magia Coffee Blythewood South Carolina magiacoffee.com Nolan's Pour House Coffee Company Media Pennsylvania nolanspourhouse.com Project Bun,Ideation,https://ivmf.syracuse.edu/programs/entrepreneurship/ideation/,Hub/Directory,0.400,
144,Guide - Books,Shopping Guide,https://ivmf.syracuse.edu/buy-military-owned/books,200,https://ivmf.syracuse.edu/buy-military-owned/books/,Books - D'Aniello Institute for Veterans and Military Families,Books,,https://ivmf.syracuse.edu/buy-military-owned/books/,https://ivmf.syracuse.edu/wp-json/wp/v2/pages/77781,2023-07-05T19:09:55+00:00,1599,0,46,10,0,0,"Go Back To Main Page Business Name Website Airman to Mom LLC airmantomom.com A Guide to Improvised Weaponry terryschappert.com A' Marie Talks amarietalks.com Barnwell Publishing barnwellpublishing.com Birdhouse Books and Gifts birdhousebooksatx.com Branches of Growth Mental Health Counseling, pllc amazon.com/Mindful-Maddie-Katherine-Hyatt Break Free Heal Wounds amazon.com Coping with Sexual Assault/Military Sexual Trauma sugatipublications.com Dagger 22 levelzeroheroes.com DaliTalks LLC. dalitalks.com Duran-Stanton Solutions ameliads.com/thelotuswithin Encouraging Teens encouragingteens.com Gail Dwyer gailmdwyer.com/ Greight Books and Gifts gailmdwyer.com/ Harris Financial Coaching amazon.com Heather Jones Coaching amazon.com/stores/Heather-Jones How to Not Kill Your Business eaasc.com Learning With Latanya LLC learningwithlatanya.com Level Zero Heroes levelzeroheroes.com Make Your Bed grandcentralpublishing.com MB Enterprise mbaileyenterprise.com Sea Stories grandcentralpublishing.com",Ideation,https://ivmf.syracuse.edu/programs/entrepreneurship/ideation/,Hub/Directory,0.421,
145,Guide - Gifts,Shopping Guide,https://ivmf.syracuse.edu/buy-military-owned/gifts,200,https://ivmf.syracuse.edu/buy-military-owned/gifts/,Gifts - D'Aniello Institute for Veterans and Military Families,Gifts,,https://ivmf.syracuse.edu/buy-military-owned/gifts/,https://ivmf.syracuse.edu/wp-json/wp/v2/pages/77772,2023-07-05T18:53:26+00:00,2435,0,57,10,0,0,"Go Back To Main Page Business Name City State Website Aloha Island Wear Boise Idaho etsy.com/shop/AlohaIslandWear Amor Umbrella amorumbrella.com B5 ReAffirm Tampa Florida pamalamccoy.com Basket and Beads Kenya Irvine California basketsandbeadskenya.com Blanco Cigars Seminole Florida blancocigars.com Blissful Home Candy Annapolis Maryland etsy.com/shop/Blissfulhomecandy BOSS Paper Company, LLC Acworth Georgia bosspapercompany.com Bottle Breacher Tucson Arizona bottlebreacher.com BoxOps Clarksville Tennessee etsy.com/boxops Bundook La Mesa California milpackage.com Busy Baby Zumbrota Minnesota busybabymat.com Cater to Mom catertomom.com CozyPhones Broadlands Virginia cozyphones.com Crew Bottle Co. crewbottleco.com Daddy Dolls Colorado Springs Colorado daddydolls.com Dirt Poor Designs Lyndon Kansas dirtpoordesigns.com Dreadnought Designs LLC. Alexandria Virginia etsy.com Flags of Valor Ashburn Virginia flagsofvalor.com Funky Chunky Eden Prairie Minnesota funkychunky.com Junior's Bullet Pe",Ideation,https://ivmf.syracuse.edu/programs/entrepreneurship/ideation/,Hub/Directory,0.421,
146,Guide - Tactical Safety,Shopping Guide,https://ivmf.syracuse.edu/buy-military-owned/tactical-safety-fitness-products,200,https://ivmf.syracuse.edu/buy-military-owned/tactical-safety-fitness-products/,"Tactical, Safety & Fitness Products - D'Aniello Institute for Veterans and Military Families","Tactical, Safety & Fitness Products",,https://ivmf.syracuse.edu/buy-military-owned/tactical-safety-fitness-products/,https://ivmf.syracuse.edu/wp-json/wp/v2/pages/77759,2023-07-05T19:12:52+00:00,2042,0,47,10,0,0,"Go Back To Main Page Business Name City State Website 365 Self-Defense Smyrna Tennessee patthurmond.podia.com Active Life Inc. El Cajon California theactivelifecompany.com Alpha Elite Performance Montgomery Texas .alphaeliteperformance.com AlphaVets, Inc. York South Carolina alphavets.com Archery N Motion Colorado Springs Colorado archerynmotion.com Battle Sight Technologies Dayton Ohio battlesighttech.com Black Box Safety Inc. El Cajon California blackboxsafety.com BOZEMAN, LLC Sutter Creek California coletticoffee.com Dirt Poor Off Road, LLC Lyndon Kansas dirtpooroffroad.com Driver Technology, LLC Jackson Mississippi drivertech.securitycamerasdirect.com Emblematic Medical Supply dba SHI' Management The Woodlands Texas emblematicmedicalsupply.com Faithfully Fit & Frugal LLC Fredericksburg Virginia faithfullyfitandfrugal.com Frog Fuel Grapevine Texas frogfuel.com GoRuck Jacksonville Beach Florida goruck.com Grand Trunk Skokie Illinios grandtrunk.com Gravity Paramotors Clinton Missouri ",Digital Library,https://ivmf.syracuse.edu/resources/digital-library/,Standard,0.444,
147,Guide - Services,Shopping Guide,https://ivmf.syracuse.edu/buy-military-owned/Services,200,https://ivmf.syracuse.edu/buy-military-owned/Services/,Services - D'Aniello Institute for Veterans and Military Families,Services,,https://ivmf.syracuse.edu/buy-military-owned/services/,https://ivmf.syracuse.edu/wp-json/wp/v2/pages/77705,2023-07-05T18:47:44+00:00,106885,12,395,0,0,0,"Business City State Website Description Communication Services A Message Center, Inc Millville New Jersey amessagecenter.com 24/7 LIVE CONTACT CENTER SERVICES - Receptionist - After Hours Call &Dispatch - Tier 1 Help Desk - Customer Service Since 1962 we have proudly served the needs of businesses throughout the country. Biz in English Language Services Santa Barbara California bizinenglish.com US-based language accessibility services to include in-person and remote spoken and sign language interpretation, document translation, technical writing, proposal writing, and BD/marketing consulting. Coping Resources Oxford Ohio copingresources.com Coping Resources (formerly Sugati Publications) is an award-winning, woman-veteran owned business offering publications on coping and trauma nationwide for over 20 years. Our publications are reviewed by a national advisory council of sexual assault survivors and professionals with expertise in their fields to ensure accuracy, best practices and fee",CII America Serves,https://ivmf.syracuse.edu/research-evaluation-and-cii/cii/cii-america-serves/,Standard,0.562,
148,Guide - Self Care,Shopping Guide,https://ivmf.syracuse.edu/buy-military-owned/self-care,200,https://ivmf.syracuse.edu/buy-military-owned/self-care/,Self Care - D'Aniello Institute for Veterans and Military Families,Self Care,,https://ivmf.syracuse.edu/buy-military-owned/self-care/,https://ivmf.syracuse.edu/wp-json/wp/v2/pages/77765,2023-07-05T19:04:58+00:00,2628,0,56,10,0,0,"Go Back To Main Page Business Name City State Website 1 OAK Fiber Art Waukesha Wisconsin 1oakfiberart.com ALYS Always Love Yourself Skincare Fleming Island Florida alys-alwaysloveyourself.com At Eaze Extracts ateazeextracts.com Badass Beard Care Rocklin California badassbeardcare.com Battle Brothers Shaving Co. Grand Rapids Michigan battlebrothers.com Big Mountain Coaching Madison Wisconsin bigmountaincoaching.com CBD Relief San Antonio Texas cbdrelief.care CHAT Nature's Skin & Hair Co LLC Hoover Alabama chatnshco.square.site Cannabreeze Hemp Farm & Company Lovettsville Virginia cannabreezehemp.com Dapper Guru Bozeman Montana thedapperguru.com Dashfire Beards dashfirebeards.com Doc Spartan Portsmouth Ohio docspartan.com Dream 2 Live Wholesalers, LLC Riverview Florida dream2live.jewelpads.com Fineroots New York City New York sincerelybade.com Fuller Center for Housing of Delaware Lewes Delaware fullercenterdelaware.org Grind Oral Care grindgoods.com JJP Harpe LLC Humble Texas jeanettepi",Applied Research,https://ivmf.syracuse.edu/research-evaluation-and-cii/research/applied-research/,Hub/Directory,0.452,
149,Guide - Home Décor,Shopping Guide,https://ivmf.syracuse.edu/buy-military-owned/home-décor,404,,,,,,,,0,0,0,0,0,0,,Employement Report,https://ivmf.syracuse.edu/research-evaluation-and-cii/projects/employement-report/,Report,0.412,404 Client Error: Not Found for url: https://ivmf.syracuse.edu/buy-military-owned/home-d%C3%A9cor
150,Guide - Hobbies & Sports,Shopping Guide,https://ivmf.syracuse.edu/buy-military-owned/hobbies-sports-games,200,https://ivmf.syracuse.edu/buy-military-owned/hobbies-sports-games/,"Hobbies, Sports & Games - D'Aniello Institute for Veterans and Military Families","Hobbies, Sports & Games",,https://ivmf.syracuse.edu/buy-military-owned/hobbies-sports-games/,https://ivmf.syracuse.edu/wp-json/wp/v2/pages/77756,2023-07-05T18:58:10+00:00,1052,0,30,10,0,0,"Go Back To Main Page Business Name City State Website Albarracin Wood Creations Coraopolis Pennsylvania albarracinwoodcreations.com AHole Bean Bag Toss amazon.com Ann Grace Hub Hobby Center Bremerton Washington anngracehub.com Artillery Sports Orland Park Illinois artillerysports.com Baret Bat & Glove Company Woodbridge Virginia baretbats.com Bawl Hogs Riverview Florida bawlhogs.com Beach Gladiator Williamsburg Virginia beachgladiator.com Bricks & Minifigs Santa Clarita Porter Ranch California bricksandminifigs.com Commissary Is Very Necessary Dallas Texas civn.org CRSpices, ll Oshkosh Wisconsin etsy.com Dakota Optics dakotaoptics.com Darn Good Yarn Clifton Park New York darngoodyarn.com Disgruntled Decks disgruntleddecks.com Mildiscs North Augusta South Carolina mildiscs.com Nobodies Artwork Orange park Florida nobodiesartwork.company.site Orange County Snowboards, Ski & Bikes Goshen New York ocsnowboards.com Parent Choice Games parentchoicegames.org Rollors Destin Florida rollors.com",Conferences and Pitch,https://ivmf.syracuse.edu/resources/conferences-and-pitch/,Standard,0.444,
151,Guide - beer-spirits,Shopping Guide,https://ivmf.syracuse.edu/buy-military-owned/beer-spirits/,200,https://ivmf.syracuse.edu/buy-military-owned/beer-spirits/,Beer & Spirits - D'Aniello Institute for Veterans and Military Families,Beer & Spirits,,https://ivmf.syracuse.edu/buy-military-owned/beer-spirits/,https://ivmf.syracuse.edu/wp-json/wp/v2/pages/77725,2021-05-25T13:37:39+00:00,749,0,23,10,0,0,Go Back To Main Page Business Name City State Website 2 Fat Guys Spirits Bozeman Montana 2fatguysspirits.com AME Imports Lyons Georgia sangarrum.com American Freedom Distillery St. Petersburg Florida horsesoldierbourbon.com Antipolíticas Jacksonville North Carolina antipoliticas.com Bravery Wines Penn Yan New York bravery.wine Heroes Vodka Nashville Tennessee heroesvodka.com Hola Coquito Brooklyn New York holacoquito.com Honor Brewing Company Chantilly Virginia honorbrewing.com Hotel Tango Distillery Indianapolis Indiana hoteltangodistillery.com Six & Twenty Distillery Piedmont South Carolina sixandtwentydistillery.com Willie's Distillery Ennis Montana williesdistillery.com Props Craft Brewery & Taproom Fort Walton Florida propsbrewery.com,Policy Priorities,https://ivmf.syracuse.edu/policy/policy-priorities/,Standard,0.457,
152,Guide - Service Submission,Shopping Guide,https://ivmf.syracuse.edu/buy-military-owned-service-submission,200,https://ivmf.syracuse.edu/buy-military-owned/buy-military-owned-service-submission/,Buy Military-Owned Service Submission - D'Aniello Institute for Veterans and Military Families,Buy Military-Owned Service Submission,,https://ivmf.syracuse.edu/buy-military-owned/buy-military-owned-service-submission/,https://ivmf.syracuse.edu/wp-json/wp/v2/pages/77699,2025-08-07T18:55:24+00:00,4049,1,1,0,0,1,"Fill out the form below Having issues with submitting the information through the form? Please email coalitionvetbiz@syr.edu directly all the information that the form below is requesting. Business Name (Required) Owner Name (Required) Address (Required) Street Address City State / Province / Region ZIP / Postal Code Afghanistan Albania Algeria American Samoa Andorra Angola Anguilla Antarctica Antigua and Barbuda Argentina Armenia Aruba Australia Austria Azerbaijan Bahamas Bahrain Bangladesh Barbados Belarus Belgium Belize Benin Bermuda Bhutan Bolivia Bonaire, Sint Eustatius and Saba Bosnia and Herzegovina Botswana Bouvet Island Brazil British Indian Ocean Territory Brunei Darussalam Bulgaria Burkina Faso Burundi Cabo Verde Cambodia Cameroon Canada Cayman Islands Central African Republic Chad Chile China Christmas Island Cocos Islands Colombia Comoros Congo Congo, Democratic Republic of the Cook Islands Costa Rica Croatia Cuba Curaçao Cyprus Czechia Côte d'Ivoire Denmark Djibouti Domin",CII America Serves,https://ivmf.syracuse.edu/research-evaluation-and-cii/cii/cii-america-serves/,Standard,0.429,
153,Guide - Prodct Submission,Shopping Guide,https://ivmf.syracuse.edu/buy-military-owned-product-submission,200,https://ivmf.syracuse.edu/buy-military-owned/buy-military-owned-product-submission/,Buy Military-Owned Product Submission - D'Aniello Institute for Veterans and Military Families,Buy Military-Owned Product Submission,,https://ivmf.syracuse.edu/buy-military-owned/buy-military-owned-product-submission/,https://ivmf.syracuse.edu/wp-json/wp/v2/pages/77696,2025-08-07T18:32:03+00:00,4038,1,1,0,0,1,"Fill out the form below Having issues with submitting the information through the form? Please email coalitionvetbiz@syr.edu directly all the information that the form below is requesting. Business Name (Required) Owner Name (Required) Address (Required) Street Address City State / Province / Region ZIP / Postal Code Afghanistan Albania Algeria American Samoa Andorra Angola Anguilla Antarctica Antigua and Barbuda Argentina Armenia Aruba Australia Austria Azerbaijan Bahamas Bahrain Bangladesh Barbados Belarus Belgium Belize Benin Bermuda Bhutan Bolivia Bonaire, Sint Eustatius and Saba Bosnia and Herzegovina Botswana Bouvet Island Brazil British Indian Ocean Territory Brunei Darussalam Bulgaria Burkina Faso Burundi Cabo Verde Cambodia Cameroon Canada Cayman Islands Central African Republic Chad Chile China Christmas Island Cocos Islands Colombia Comoros Congo Congo, Democratic Republic of the Cook Islands Costa Rica Croatia Cuba Curaçao Cyprus Czechia Côte d'Ivoire Denmark Djibouti Domin",Ideation,https://ivmf.syracuse.edu/programs/entrepreneurship/ideation/,Hub/Directory,0.452,
154,Life After Service,Comcast Ad Landing Page,https://ivmf.syracuse.edu/life-after-service/,200,https://ivmf.syracuse.edu/life-after-service/,Successful Life After Service - D'Aniello Institute for Veterans and Military Families,Successful Life After Service,,https://ivmf.syracuse.edu/life-after-service/,https://ivmf.syracuse.edu/wp-json/wp/v2/pages/87806,2025-05-16T19:17:36+00:00,2427,8,9,8,1,0,"Looking to get started? Syracuse University’s D’Aniello Institute for Veteran and Military Families has empowered nearly 200,000 veterans to serve their communities – and their careers. From professional certifications, to job training, to help navigating programs and services, we give veterans access to support from anywhere in the world at no cost . Get More Information Support The Military-Connected How We Serve You Career Training Programs that provides career training, certifications, and employment services support. Learn More Entrepreneurship Arm yourself for entrepreneurship success with over a dozen of our programs aimed specifically for those military-connected. Learn More Education Syracuse University participates in all veterans’ education programs and is a Yellow Ribbon school. Learn More Research Our research informs programming, defines best practices, and targets action across the military community. Learn More Community Provides the military-connected access to a simpl",CII America Serves,https://ivmf.syracuse.edu/research-evaluation-and-cii/cii/cii-america-serves/,Standard,0.611,
141,Onward To Opportunity O2O Impact Evaluation,Manual URL list,https://ivmf.syracuse.edu/article/onward-to-opportunity-o2o-impact-evaluation/,200,https://ivmf.syracuse.edu/article/onward-to-opportunity-o2o-impact-evaluation/,Onward to Opportunity (O2O) Impact Evaluation - D'Aniello Institute for Veterans and Military Families,Onward to Opportunity (O2O) Impact Evaluation,,https://ivmf.syracuse.edu/article/onward-to-opportunity-o2o-impact-evaluation/,,2025-08-19T18:14:15+00:00,11084,9,12,2,0,0,"A Comparison Study of Onward to Opportunity (O2O) Utilizing a Matched Comparison Group from The Veterans Metrics Initiative (TVMI) Onward to Opportunity (O2O) is a free career training program that provides professional certification and employee support services to transitioning service members, veterans and military spouses. O2O combines industry-validated curricula, strong partnerships with leading veteran service organizations and private sector companies, and comprehensive career coaching services to prepare and match you with your next career. The Veterans Metrics Initiative (TVMI) is a longitudinal research study designed to assess the wellbeing of veterans after transitioning out of the military, including the identification of transition and reintegration programs accessed by the service member during transition. The study was conducted from 2016-2019 by researchers at Penn State’s Clearinghouse for Military Family Readiness. You can visit their website for more information on",CII Community of Practice,https://ivmf.syracuse.edu/research-evaluation-and-cii/cii/cii-community-of-practice/,Standard,0.412,
142,Military Spouse Employment Landscape,Manual URL list,https://ivmf.syracuse.edu/article/military-spouse-employment-landscape/,200,https://ivmf.syracuse.edu/article/military-spouse-employment-landscape/,"Military Spouse Employment Landscape: Trends, Barriers, and Opportunities - D'Aniello Institute for Veterans and Military Families","Military Spouse Employment Landscape: Trends, Barriers, and Opportunities",,https://ivmf.syracuse.edu/article/military-spouse-employment-landscape/,,2026-03-30T12:51:09+00:00,7945,3,3,1,0,0,"Read Report Executive Summary Military spouses remain a uniquely positioned but persistently underleveraged segment of the U.S. labor force. Despite being well-educated, resilient, and highly mobile, their employment outcomes continue to lag behind civilian peers. This report draws primarily on data from the U.S. Census Bureau’s American Community Survey (ACS), offering a comparative view of active-duty spouses alongside veteran and civilian spouses across industries, occupations, and geographies. To provide a more comprehensive perspective, these findings are considered alongside other national research efforts that offer deeper insights into the lived experiences, household dynamics, and employment challenges specific to military-connected families. Key Findings Unemployment is only part of the story. Using data from the Census in 2023, the unemployment rate for active-duty military spouses was 8.83%, nearly four times higher than the civilian spouse rate of 2.48%. However, this numb",Military Founders Lab,https://ivmf.syracuse.edu/programs/entrepreneurship/startup/military-founders-lab/,Program,0.526,
143,The Demographics Of Military Children And Families,Manual URL list,https://ivmf.syracuse.edu/article/the-demographics-of-military-children-and-families/,200,https://ivmf.syracuse.edu/article/the-demographics-of-military-children-and-families/,The Demographics of Military Children and Families - D'Aniello Institute for Veterans and Military Families,The Demographics of Military Children and Families,,https://ivmf.syracuse.edu/article/the-demographics-of-military-children-and-families/,,,5161,5,0,0,0,0,"Abstract “Since the advent of the all-volunteer force in the 1970s, marriage, parenthood, and family life have become commonplace in the U.S. military among enlisted personnel and officers alike, and military spouses and children now outnumber service members by a ratio of 1.4 to 1. Reviewing data from the government and from academic and nonacademic research, Molly Clever and David R. Segal find several trends that distinguish today’s military families. Compared with civilians, for example, service members marry younger and start families earlier. Because of the requirements of their jobs, they move much more frequently than civilians do, and they are often separated from their families for months at a time. And despite steady increases since the 1970s in the percentage of women who serve, the armed forces are still overwhelmingly male, meaning that the majority of military parents are fathers. Despite these distinguishing trends, Clever and Segal’s chief finding is that military fami",Research Evaluation and CII,https://ivmf.syracuse.edu/research-evaluation-and-cii/,Landing,0.390,
144,2024 Military Family Lifestyle Survey,Manual URL list,https://ivmf.syracuse.edu/article/2024-military-family-lifestyle-survey/,200,https://ivmf.syracuse.edu/article/2024-military-family-lifestyle-survey/,2024 Military Family Lifestyle Survey - D'Aniello Institute for Veterans and Military Families,2024 Military Family Lifestyle Survey,,https://ivmf.syracuse.edu/article/2024-military-family-lifestyle-survey/,,2025-02-17T20:25:21+00:00,4348,3,5,2,0,0,"The Blue Star Families 2024 Military Family Lifestyle Survey (MFLS) captures the experiences of nearly 5,600 military respondents worldwide. The MFLS is the largest and most comprehensive survey of Active-Duty, National Guard, Reserve service members, veterans, and their families. Since 2014, the IVMF has had the privilege to collaborate with Blue Star Families on the MFLS. The survey covers the continuum of military service—active duty through transition and veteran life—and comprehensive in topics such as the financial concerns for military families, childcare and military spouse employment, community and resource needs for military to civilian transition, mental health and suicide prevention for service members, and a lot more. View All 2024 MFLS Insights Veteran Transition: Implications of Community and Resource Needs in Military-to-Civilian Transition View Veteran Finding Summary Separating service members and their families often view the military-to-civilian transition process a",Military Founders Lab,https://ivmf.syracuse.edu/programs/entrepreneurship/startup/military-founders-lab/,Program,0.414,
145,Soldiers To Citizens The Link Between Military Service And Volunteering,Manual URL list,https://ivmf.syracuse.edu/article/soldiers-to-citizens-the-link-between-military-service-and-volunteering/,200,https://ivmf.syracuse.edu/article/soldiers-to-citizens-the-link-between-military-service-and-volunteering/,Soldiers to Citizens: The Link between Military Service and Volunteering - D'Aniello Institute for Veterans and Military Families,Soldiers to Citizens: The Link between Military Service and Volunteering,,https://ivmf.syracuse.edu/article/soldiers-to-citizens-the-link-between-military-service-and-volunteering/,,2022-12-19T18:01:38+00:00,4831,5,1,0,0,0,"Abstract “Research shows that military service is linked with political engagement, such as voting. This connection is strongest for minorities. The authors explore the relationship between military service and volunteering. They conclude that military service helps overcome barriers to volunteering by socializing people with civic responsibility norms, by providing social resources and skills that compensate for the lack of personal resources, and by making veterans aware of opportunities to volunteer as well as asking them to do so. Military service is positively related to volunteering among blacks and Hispanics. Married veterans are more likely to volunteer than nonveterans. Veterans who served during wartime are more likely to volunteer than those who served in peacetime.” Implications For Practice While veterans are more likely to be civically engaged than non-veterans, some veterans are even more likely to be engaged in volunteer work. For example, older veterans and married vet",Career Education and Training,https://ivmf.syracuse.edu/about/career-education-and-training/,Standard,0.320,
146,Black And African American In The Military,Manual URL list,https://ivmf.syracuse.edu/article/black-and-african-american-in-the-military/,200,https://ivmf.syracuse.edu/article/black-and-african-american-in-the-military/,Black and African Americans in The Military: From Service to Civilian Life - D'Aniello Institute for Veterans and Military Families,Black and African Americans in The Military: From Service to Civilian Life,,https://ivmf.syracuse.edu/article/black-and-african-american-in-the-military/,,2024-01-16T17:18:17+00:00,2195,11,4,1,0,0,"The following infographic provides key highlights of Black and African American service members and veterans. The information and statistics in this document are from our various data collection efforts centered on military life, transition, employment, entrepreneurship, and higher education. If you are having trouble reading the screen captures below, please download the accessible plain-text version here . Download the full PDF A Few Key Takeaways Populations There are over over 2.3 MILLION Black & African American Veterans in U.S. 0 There are over 350,000 Black & African American Active Duty and Selected Reserve members 0 Views on Military Service TOP SKILLS & ATTRIBUTES STRENGTHENED BY MILITARY SERVICES Teamwork - 91% Teamwork 93% Work ethic/discipline - 89% Work ethic/discipline 89% Leadership and management skills - 83% Leadership and management skills 83% Mental toughness - 81% Mental toughness 81% Professionalism - 80% Professionalism 80% Adaptation to different challenges - 80",CII America Serves,https://ivmf.syracuse.edu/research-evaluation-and-cii/cii/cii-america-serves/,Standard,0.433,
147,Asian Americans And Pacific Islanders In The Military From Service To Civilian Life 2023,Manual URL list,https://ivmf.syracuse.edu/article/asian-americans-and-pacific-islanders-in-the-military-from-service-to-civilian-life-2023/,200,https://ivmf.syracuse.edu/article/asian-americans-and-pacific-islanders-in-the-military-from-service-to-civilian-life-2023/,Asian Americans and Pacific Islanders in the Military: From Service to Civilian Life (2024) - D'Aniello Institute for Veterans and Military Families,Asian Americans and Pacific Islanders in the Military: From Service to Civilian Life (2024),,https://ivmf.syracuse.edu/article/asian-americans-and-pacific-islanders-in-the-military-from-service-to-civilian-life-2023/,,2024-05-01T14:03:13+00:00,5186,17,5,1,0,0,"This report was originally published in 2023 but the data below remains an accurate representation for 2024 as well. Download PDF This infographic provides key highlights for Asian American, Native Hawaiian, and Pacific Islander (AAPI) service members, veterans, and their families. The information and statistics in this document are from various data collection efforts centered on military life, resource and financial needs, employment, entrepreneurship, and higher education. Asian Americans, Native Hawaiians, and Pacific Islanders are one of the most culturally and linguistically diverse racial groups in the U.S. (their heritage traces to over 30 different countries and ethnic groups and include over 100 languages and dialects). Asian Americans, Native Hawaiians, and Pacific Islanders have a long history of involvement with the U.S. military, possibly extending back to the American Revolutionary War, but there are few direct records of their service and presence in the U.S. military u",Veteran Women Igniting the Spirit of Entrepreneurship,https://ivmf.syracuse.edu/programs/entrepreneurship/startup/veteran-women-igniting-the-spirit-of-entrepreneurship/,Program,0.326,
148,Missing Perspectives Black African Americans In The Military From Service To Civilian Life 2022,Manual URL list,https://ivmf.syracuse.edu/article/missing-perspectives-black-african-americans-in-the-military-from-service-to-civilian-life-2022/,200,https://ivmf.syracuse.edu/article/missing-perspectives-black-african-americans-in-the-military-from-service-to-civilian-life-2022/,Missing Perspectives: Black & African Americans in the Military—From Service to Civilian Life (2022) - D'Aniello Institute for Veterans and Military Families,Missing Perspectives: Black & African Americans in the Military—From Service to Civilian Life (2022),,https://ivmf.syracuse.edu/article/missing-perspectives-black-african-americans-in-the-military-from-service-to-civilian-life-2022/,,2024-01-31T21:10:02+00:00,3498,10,3,1,0,0,"The data in this article has not changed since 2022 and is still very relevant today. To date, existing research related to the experiences of Black and African American service members, veterans, and military families has been either limited or lacking entirely. This data brief addresses a critical gap in understanding their experiences, particularly in the transition from the military to civilian life. The information and data in this document are from various sources centered on military life, transition, employment, entrepreneurship, and higher education. If you are having trouble reading the screen captures below, please download the accessible plain-text version here . Download the full PDF A Few Key Takeaways Over 350,000 Black and African American active duty and select reserve members Over 2.4 million Black and African American veterans in the U.S —Of all Post-9/11 veterans, 17% are Black and African American (this is higher compared to the 13% of the nonveteran counterparts) ",CII America Serves,https://ivmf.syracuse.edu/research-evaluation-and-cii/cii/cii-america-serves/,Standard,0.283,
149,Military Families Perceptions Challenges And Barriers To Voting Participation And Absentee Voting,Manual URL list,https://ivmf.syracuse.edu/article/military-families-perceptions-challenges-and-barriers-to-voting-participation-and-absentee-voting/,200,https://ivmf.syracuse.edu/article/military-families-perceptions-challenges-and-barriers-to-voting-participation-and-absentee-voting/,"Military Families: Perceptions, Challenges, and Barriers to Voting Participation and Absentee Voting - D'Aniello Institute for Veterans and Military Families","Military Families: Perceptions, Challenges, and Barriers to Voting Participation and Absentee Voting",,https://ivmf.syracuse.edu/article/military-families-perceptions-challenges-and-barriers-to-voting-participation-and-absentee-voting/,,2024-01-17T16:17:24+00:00,11229,12,6,8,0,0,"For the visual representation of this brief you can click here for the downloadable PDF The Full Technical Report is Also Available to Download​ Highlights of Full Report: 200+ pages of further findings and analysis from active duty and active duty spouses Findings and analysis of veteran and veteran spouses on the issue of absentee voting Further recommendations on absentee voting and the military community Click here to download the full technical report Overview Active duty service members, along with their family members, rely on absentee voting to cast their vote for elections at all levels of government while overseas, deployed, or while stationed in states other than where they are registered. While there is some research surrounding the logistics of absentee voting, not enough is known about the experiences of active duty military and their families with absentee voting. Through a grant from the Democracy Fund, the Military Officers Association of America (MOAA) and the Institu",Certifications and Learning Pathways,https://ivmf.syracuse.edu/programs/o2o/certifications-and-learning-pathways/,Standard,0.361,
150,Women In The Military,Manual URL list,https://ivmf.syracuse.edu/article/women-in-the-military/,200,https://ivmf.syracuse.edu/article/women-in-the-military/,"Women in the Military: Transition, Employment, and Higher Education After Service - D'Aniello Institute for Veterans and Military Families","Women in the Military: Transition, Employment, and Higher Education After Service","This infographic provides key highlights on women in the military. The information in this document comes from our various data collection efforts centered on transition, employment, entrepreneurship, and higher education.",https://ivmf.syracuse.edu/article/women-in-the-military/,,2024-01-16T17:19:58+00:00,1778,3,4,1,0,0,"This infographic provides key highlig hts on women in the military. The information in this document comes from our various data collection efforts centered on transition, employment, entrepreneurship, and higher education. If you have trouble viewing the infographics below you can view a replicate of the data in our accessible-friendly plain-text version . View The Full Infographic A Few Key Takeaways There are over 2.1 million female service members and veterans in the U.S. today. 1 + On average, women veterans have HIGHER unemployment rates and have LOWER earnings compared to their male veteran counterparts. 54% of female veterans did not feel prepared to navigate resources in their local community. Female Veterans 54% 35% of male veterans did not feel prepred to navigate resources in their local community. Male Veterans 35% 66% of female veteran respondents reported their transition was difficult or very difficult. Female Veterans 66% 51% of male veteran respondents reported their ",Meet the Team,https://ivmf.syracuse.edu/about/meet-the-team/,Standard,0.471,
151,Blue Star Families 2020 Survey,Manual URL list,https://ivmf.syracuse.edu/article/blue-star-families-2020-survey/,200,https://ivmf.syracuse.edu/article/blue-star-families-2020-survey/,Blue Star Families’ 2020 Military Family Lifestyle Survey - D'Aniello Institute for Veterans and Military Families,D'Aniello Institute for Veterans and Military Families,,https://ivmf.syracuse.edu/article/blue-star-families-2020-survey/,,2021-04-16T16:31:22+00:00,8180,9,129,9,0,2,Skip to content About IVMF History Team Why Syracuse University Programs Entrepreneurship Getting Started Ideation Start Up Growth Resources and Initiatives Career Training Getting Started O2O By The Numbers About O2O Learning Pathways O2O Locations O2O Admission Employer Partners FAQ Higher Education Apply Our Programs Apply to O2O EBV Application EBV-F Application EBV Accelerate Application V-WISE Application Research + Analytics + Policy About IVMF Research & Analytics Team Applied Research Research Projects Evaluation & Analytics Projects Policy Engagement Data Insights & Tools Data Philosophy Data Strategy Veterans Strategic Analysis & Research Tool (V-START) Our Publications Support IVMF Alumni News D'Aniello Institute for Veterans and Military Families Menu Contact Digital Library Support IVMF Alumni search Search IVMF Search for × About IVMF Team History Bunker Labs: A Legacy of Impact Impact Careers National Veterans Resource Center Why Syracuse University Partners & Funders P,Bunker Labs Legacy,https://ivmf.syracuse.edu/about/bunker-labs-legacy/,Standard,0.417,
152,Veteran Entrepreneurship What You Should Know,Manual URL list,https://ivmf.syracuse.edu/article/veteran-entrepreneurship-what-you-should-know/,200,https://ivmf.syracuse.edu/article/veteran-entrepreneurship-what-you-should-know/,Veteran Entrepreneurship – What You Should Know - D'Aniello Institute for Veterans and Military Families,D'Aniello Institute for Veterans and Military Families,"Military service and small business ownership share a distinctive relationship, dating back more than a half century. Veterans entrepreneurship is...",https://ivmf.syracuse.edu/article/veteran-entrepreneurship-what-you-should-know/,,2019-12-06T16:23:16+00:00,5963,4,128,10,0,2,Skip to content About IVMF History Team Why Syracuse University Programs Entrepreneurship Getting Started Ideation Start Up Growth Resources and Initiatives Career Training Getting Started O2O By The Numbers About O2O Learning Pathways O2O Locations O2O Admission Employer Partners FAQ Higher Education Apply Our Programs Apply to O2O EBV Application EBV-F Application EBV Accelerate Application V-WISE Application Research + Analytics + Policy About IVMF Research & Analytics Team Applied Research Research Projects Evaluation & Analytics Projects Policy Engagement Data Insights & Tools Data Philosophy Data Strategy Veterans Strategic Analysis & Research Tool (V-START) Our Publications Support IVMF Alumni News D'Aniello Institute for Veterans and Military Families Menu Contact Digital Library Support IVMF Alumni search Search IVMF Search for × About IVMF Team History Bunker Labs: A Legacy of Impact Impact Careers National Veterans Resource Center Why Syracuse University Partners & Funders P,Military Entrepreuneruship Forum,https://ivmf.syracuse.edu/resources/military-entrepreuneruship-forum/,Standard,0.545,
153,Hispanic And Latinos In The Military,Manual URL list,https://ivmf.syracuse.edu/article/hispanic-and-latinos-in-the-military/,200,https://ivmf.syracuse.edu/article/hispanic-and-latinos-in-the-military/,Hispanics and Latinos in The Military: From Service To Civilian Life - D'Aniello Institute for Veterans and Military Families,Hispanics and Latinos in The Military: From Service To Civilian Life,,https://ivmf.syracuse.edu/article/hispanic-and-latinos-in-the-military/,,2024-01-16T17:24:47+00:00,1337,5,7,5,0,0,"This infographic provides key highlights for Hispanic and Latino service members and veterans. The information and statistics in this document are from our various data collection efforts centered on military life, transition, employment, entrepreneurship, and higher education. If you are having trouble reading the screen captures below, please download the accessible plain-text version here . Download The Full PDF Sneak Peek at Some Insights You'll Find Inside Top Motivations for Military Service Educational benefits 61% Desire To Serve My Country 58% New Experiences, Adventures, or Travel 57% Sense of Purpose 41% Career Opportunities 36% Top Reasons for Leaving Armed Services Pursue Education and Training Opportunities 0% Lost faith or trust in military or political leadership 0% Family Reasons 0% Earnings Comparison Hispanic and Latino Veterans $ 0 Hispanic and Latino nonveterans $ 0 Non-minority veterans $ 0 Motivations for Pursuing Higher Education Career/job opportunities 88% Sel",Career Education and Training,https://ivmf.syracuse.edu/about/career-education-and-training/,Standard,0.369,
154,NSMAE Entrepreneurs Veteran Entrepreneurial Ecosystem,Manual URL list,https://ivmf.syracuse.edu/article/nsmae-entrepreneurs-veteran-entrepreneurial-ecosystem/,200,https://ivmf.syracuse.edu/article/nsmae-entrepreneurs-veteran-entrepreneurial-ecosystem/,2022 National Survey of Military-Affiliated Entrepreneurs: Veteran Entrepreneurial Ecosystem - D'Aniello Institute for Veterans and Military Families,2022 National Survey of Military-Affiliated Entrepreneurs: Veteran Entrepreneurial Ecosystem,,https://ivmf.syracuse.edu/article/nsmae-entrepreneurs-veteran-entrepreneurial-ecosystem/,,2023-06-06T01:06:28+00:00,4460,8,9,1,0,0,"View Brief Major strides have been made to train and support veteran entrepreneurs over the last two decades, but veteran entrepreneurs still face challenges. Some common challenges include developing and utilizing social capital, identifying successful mentors, accessing appropriate financial capital, and obtaining and utilizing business and management skills. Although challenges vary by location, each local entrepreneurial ecosystem has unique features to support veteran and military connected entrepreneurs. Within the veteran entrepreneurial ecosystem there are many actors including veterans, veteran and entrepreneurship service organizations, policy makers, government offices, and consumers. However, the veteran entrepreneurship resource landscape can be fragmented and siloed. Many veteran entrepreneurs reported experiencing the most help through SBA resources and college or university academic programs, but over 46 percent of veteran entrepreneurs indicated that navigating the res",Entrepreneurship Bootcamp for Veterans Accelerate,https://ivmf.syracuse.edu/programs/entrepreneurship/growth/entrepreneurship-bootcamp-for-veterans-accelerate/,Program,0.529,
155,Innovation In State Level Veterans Services,Manual URL list,https://ivmf.syracuse.edu/article/innovation-in-state-level-veterans-services/,200,https://ivmf.syracuse.edu/article/innovation-in-state-level-veterans-services/,Innovation in State-Level Veterans Services - D'Aniello Institute for Veterans and Military Families,D'Aniello Institute for Veterans and Military Families,,https://ivmf.syracuse.edu/article/innovation-in-state-level-veterans-services/,,2019-10-30T17:19:46+00:00,4929,5,129,15,0,2,Skip to content About IVMF History Team Why Syracuse University Programs Entrepreneurship Getting Started Ideation Start Up Growth Resources and Initiatives Career Training Getting Started O2O By The Numbers About O2O Learning Pathways O2O Locations O2O Admission Employer Partners FAQ Higher Education Apply Our Programs Apply to O2O EBV Application EBV-F Application EBV Accelerate Application V-WISE Application Research + Analytics + Policy About IVMF Research & Analytics Team Applied Research Research Projects Evaluation & Analytics Projects Policy Engagement Data Insights & Tools Data Philosophy Data Strategy Veterans Strategic Analysis & Research Tool (V-START) Our Publications Support IVMF Alumni News D'Aniello Institute for Veterans and Military Families Menu Contact Digital Library Support IVMF Alumni search Search IVMF Search for × About IVMF Team History Bunker Labs: A Legacy of Impact Impact Careers National Veterans Resource Center Why Syracuse University Partners & Funders P,CII Strategic Advising,https://ivmf.syracuse.edu/research-evaluation-and-cii/cii/cii-strategic-advising/,Standard,0.400,
156,Native Americans In The Military From Service To Civilian Life,Manual URL list,https://ivmf.syracuse.edu/article/native-americans-in-the-military-from-service-to-civilian-life/,200,https://ivmf.syracuse.edu/article/native-americans-in-the-military-from-service-to-civilian-life/,Native Americans in the Military: From Service to Civilian Life - D'Aniello Institute for Veterans and Military Families,Native Americans in the Military: From Service to Civilian Life,,https://ivmf.syracuse.edu/article/native-americans-in-the-military-from-service-to-civilian-life/,,2024-01-16T17:36:45+00:00,3319,12,4,1,0,0,"Throughout American history, Native veterans have answered the call to serve in the Armed Services. Highly regarded within their tribal community for their dedication and commitment to serve in the Armed Services, Native American veterans represent 574 federally recognized tribes. We take this opportunity to honor all Native Americans and acknowledge their ongoing contributions to the success and growth of our nation. service members and veterans. The information and statistics in this document are from various data collection efforts centered on military life, transition, employment, entrepreneurship, and higher education. If you are having trouble reading the screen captures below, please download the accessible plain-text version here . Download the full PDF A Few Key Takeaways Populations Currently over 20,000+ American Indian or Alaska Native Active Duty and Selected Reserve Members 0 Currently over 140,000 American Indian and Alaska Native veterans in the U.S. 0 Highlights 25% of",CII America Serves,https://ivmf.syracuse.edu/research-evaluation-and-cii/cii/cii-america-serves/,Standard,0.375,
157,Discrepancy Between Veteran Food Insecurity And Use Of The Supplemental Nutrition Assistance Program,Manual URL list,https://ivmf.syracuse.edu/article/discrepancy-between-veteran-food-insecurity-and-use-of-the-supplemental-nutrition-assistance-program/,200,https://ivmf.syracuse.edu/article/discrepancy-between-veteran-food-insecurity-and-use-of-the-supplemental-nutrition-assistance-program/,Discrepancy Between Veteran Food Insecurity and Use of the Supplemental Nutrition Assistance Program - D'Aniello Institute for Veterans and Military Families,Discrepancy Between Veteran Food Insecurity and Use of the Supplemental Nutrition Assistance Program,,https://ivmf.syracuse.edu/article/discrepancy-between-veteran-food-insecurity-and-use-of-the-supplemental-nutrition-assistance-program/,,,1109,0,3,1,0,0,"Read More “Food insecurity is linked to poorer physical and mental health, including an increased risk of suicide. Therefore, addressing the needs of food-insecure veterans is a national priority. The U.S. Department of Veterans Affairs conducts routine screenings to identify veterans at risk of food insecurity and refer them to sources of support. Nonetheless, food-insecure veterans are consistently less likely than their nonveteran peers to be enrolled in the Supplemental Nutrition Assistance Program (SNAP). This research adds to the evidence base on food-insecure veterans who do and do not enroll in SNAP, as well as differences between food-insecure veterans’ and nonveterans’ reasons for starting and ending — or losing — SNAP benefits and patterns in these groups’ use of other safety-net programs. For example, veterans’ benefits could push their income above the eligibility threshold for SNAP. Although it is a federal program, SNAP is administered by the states, and the RAND analyse",Veteran Women Igniting the Spirit of Entrepreneurship,https://ivmf.syracuse.edu/programs/entrepreneurship/startup/veteran-women-igniting-the-spirit-of-entrepreneurship/,Program,0.392,
158,Impacts And Opportunities Of Military Life For Military Children,Manual URL list,https://ivmf.syracuse.edu/article/impacts-and-opportunities-of-military-life-for-military-children/,200,https://ivmf.syracuse.edu/article/impacts-and-opportunities-of-military-life-for-military-children/,Research Brief: The Impacts and Opportunities of Military Life for Military Children - D'Aniello Institute for Veterans and Military Families,Research Brief: The Impacts and Opportunities of Military Life for Military Children,"This research brief provides key datapoints and insights from research on the experiences of military children. The brief covers the demographics of the military and veteran child populations, the needs and experiences of military children, impacts of military service, and implications for practice and future research. The research cited includes a comprehensive list of IVMF original research as well as seminal sources such as the National Academies of Sciences, Engineering, and Medicine, Military Child Education Coalition, etc.",https://ivmf.syracuse.edu/article/impacts-and-opportunities-of-military-life-for-military-children/,,2024-01-16T17:32:03+00:00,1221,4,5,3,0,0,"View The Brief Authors: Rachel K. Linsner, M.S. | Rosalinda Maury, M.S. This research brief provides key datapoints and insights from research on the experiences of military children. The brief covers the demographics of the military and veteran child populations, the needs and experiences of military children, impacts of military service, and implications for practice and future research. The research cited includes a comprehensive list of IVMF original research as well as seminal sources such as the National Academies of Sciences, Engineering, and Medicine, Military Child Education Coalition, etc. There are over 1.6 million military children in the U.S. 41% of post-9/11 veteran respondents reported reintegration to family during military to civilian transition was difficult or very difficult. 41% 32% of active duty family respondents who had recently geobached reported doing so for their children’s education. 32% Top 5 Impacts of deployment Positive Increased independence 33% Adaptab",Veteran Women Igniting the Spirit of Entrepreneurship,https://ivmf.syracuse.edu/programs/entrepreneurship/startup/veteran-women-igniting-the-spirit-of-entrepreneurship/,Program,0.359,
159,Bsf REI,Manual URL list,https://ivmf.syracuse.edu/article/bsf-rei/,200,https://ivmf.syracuse.edu/article/bsf-rei/,Blue Star Families’ Social Impact Research 2021: Understanding The Diverse Experiences of Military & Veteran Families of Color - D'Aniello Institute for Veterans and Military Families,Blue Star Families’ Social Impact Research 2021: Understanding The Diverse Experiences of Military & Veteran Families of Color,,https://ivmf.syracuse.edu/article/bsf-rei/,,2022-02-02T19:52:19+00:00,3299,5,5,1,0,0,"In collaboration with the Institute for Veterans and Military Families Full Report This comprehensive report highlights the unique experiences, needs, and viewpoints of military service members, Veterans, and families of color. The study aims to build understanding and awareness around the progress and barriers facing military families of color, address gaps in knowledge, and provide insights that will help drive solutions to the issues military and Veteran families of color face. The report highlights findings from a 14-month study which included focus groups; new analysis of external military and Veteran-related data; and a nationwide survey of over 2,700 respondents tailored to address the unique experiences of military and Veteran families of color. Spanning topics including the current military cultural environment, service career progression, relocation, transitioning veterans, education, finance, health, and more, the survey highlights challenges, as well as positive findings. K",BSF,https://ivmf.syracuse.edu/research-evaluation-and-cii/projects/bsf/,Standard,0.600,
160,Data Brief Women Veteran Entrepreneurs 2022,Manual URL list,https://ivmf.syracuse.edu/article/data-brief-women-veteran-entrepreneurs-2022/,200,https://ivmf.syracuse.edu/article/data-brief-women-veteran-entrepreneurs-2022/,Data Brief: Women Veteran Entrepreneurs 2022 - D'Aniello Institute for Veterans and Military Families,Data Brief: Women Veteran Entrepreneurs 2022,,https://ivmf.syracuse.edu/article/data-brief-women-veteran-entrepreneurs-2022/,,2023-12-11T20:17:16+00:00,3302,8,10,1,0,0,"View Brief This brief provides highlights from the 2021 National Survey of Military-Affiliated Entrepreneurs (NSMAE) focusing on female veteran entrepreneurs. NSMAE monitors trends in the activity, needs, and economic, social, and policy barriers of military-affiliated entrepreneurs in the United States. This annual survey and forthcoming public dataset will be an enduring source of current insights for public and private sector leaders, policymakers, and community-based organization on systemic barriers to and drivers of entrepreneurial success among veterans and their family members. Read the accessible Word version of the data brief . To learn more about this study and other briefs, publications, and presentations visit the NSMAE Series . The findings in this brief are based on the data collected from 298 female veteran entrepreneurs, which represents 11.2% of the respondents in the 2021 survey. A Few Key Takeaways 57 % of female veteran entrepreneur consider themselves as social en",Veteran Women Igniting the Spirit of Entrepreneurship,https://ivmf.syracuse.edu/programs/entrepreneurship/startup/veteran-women-igniting-the-spirit-of-entrepreneurship/,Program,0.500,
161,Military Spouse Entrepreneurs 2024,Manual URL list,https://ivmf.syracuse.edu/article/military-spouse-entrepreneurs-2024/,200,https://ivmf.syracuse.edu/article/military-spouse-entrepreneurs-2024/,Military Spouse Entrepreneurs – 2024 - D'Aniello Institute for Veterans and Military Families,Military Spouse Entrepreneurs – 2024,,https://ivmf.syracuse.edu/article/military-spouse-entrepreneurs-2024/,,2024-06-21T13:05:00+00:00,3615,18,6,4,0,0,"Read Brief The 2022 National Survey of Military-Affiliated Entrepreneurs provides detailed insights into the experiences and challenges of military spouse entrepreneurs. This term encompasses spouses and partners of active duty, National Guard, and Reserve service members, as well as veterans and retirees. Based on data from 243 current business owners who self-identify as military spouses, 80% of whom are female, the findings reveal robust entrepreneurial activity alongside critical support needs to ensure their success in the business landscape. See More From NSMAE Key Insights From Military Spouse Entrepreneurs Career Impact The data shows significant challenges in the traditional job market, driving many military spouses toward entrepreneurship as a flexible and accommodating career path. feel that being a military spouse had a negative effect on their ability to pursue a career. 0 % feel they were treated differently or did not get a job because they are a military spouse. 0 % rep",Military Entrepreuneruship Forum,https://ivmf.syracuse.edu/resources/military-entrepreuneruship-forum/,Standard,0.636,
162,2022 IAVA Member Survey,Manual URL list,https://ivmf.syracuse.edu/article/2022-iava-member-survey/,200,https://ivmf.syracuse.edu/article/2022-iava-member-survey/,2022 IAVA Member Survey - D'Aniello Institute for Veterans and Military Families,2022 IAVA Member Survey,,https://ivmf.syracuse.edu/article/2022-iava-member-survey/,,2022-04-04T13:27:09+00:00,2125,4,3,1,0,0,"Perceptions and views of Iraq and Afghanistan veterans on the challenges and successes of the next greatest generation of veterans. A collaboration between Iraq and Afghanistan Veterans of America and the D’Aniello Institute for Veterans and Military Families. This report presents the results of the 2022 survey of IAVA members. Based on the responses of 5,174 IAVA members collected in Fall 2021, this study represents the view of one of the largest organizations for post-9/11 veterans on topics related to social issues, post-service career, health and wellbeing, and VA healthcare. Some of the specific topics surveyed include: political and civic engagement, views of current political issues relevant to veterans including the threat of extremism, women veteran’s issues, transition experiences, post-service employment, GI Bill use in higher education, military sexual assault, mental health and suicide, burn pits and toxic exposures, and experiences with the VA healthcare system. View Full",CII America Serves,https://ivmf.syracuse.edu/research-evaluation-and-cii/cii/cii-america-serves/,Standard,0.390,
163,Emerging Evidence About Transition Employment Support,Manual URL list,https://ivmf.syracuse.edu/article/emerging-evidence-about-transition-employment-support/,200,https://ivmf.syracuse.edu/article/emerging-evidence-about-transition-employment-support/,Emerging Evidence About Transition Employment Support - D'Aniello Institute for Veterans and Military Families,Emerging Evidence About Transition Employment Support,,https://ivmf.syracuse.edu/article/emerging-evidence-about-transition-employment-support/,,2022-04-20T14:56:36+00:00,2206,3,4,2,0,0,"View Full Brief Author: Daniel F. Perkins, Ph.D, Penn State University This policy brief extracts findings from The Veterans Metrics Initiative as it applied to supporting transition policy 3-year longitudinal study (public dataset available). —Coordinated by the Henry M. Jackson Foundation for the Advancement of Military Medicine, Inc. A national sample of 9,566 veterans who completed the survey at Wave 1. —Participants were recruited in the fall of 2016 and assessments were administered at approximately 6-month intervals between November 2016 and May 2019 —23% response rate by newly separated U.S. veterans Non-response weights were computed to represent the population of transitioning veterans in 2016 (eligible population = 48,965) Key Highlights 61% of veterans were underemployed after three years post-transition. Veterans of color were less likely to find a job 15 months post-separation than their white counterparts. View plain-text version * Why is this important? Currently there ",Employement Report,https://ivmf.syracuse.edu/research-evaluation-and-cii/projects/employement-report/,Report,0.423,
164,Advancing Veteran Health Equity,Manual URL list,https://ivmf.syracuse.edu/article/advancing-veteran-health-equity/,200,https://ivmf.syracuse.edu/article/advancing-veteran-health-equity/,Advancing Veteran Health Equity - D'Aniello Institute for Veterans and Military Families,Advancing Veteran Health Equity,,https://ivmf.syracuse.edu/article/advancing-veteran-health-equity/,,2024-12-04T14:52:54+00:00,6818,18,7,4,0,0,"With support from the Johnson & Johnson’s Our Race to Health Equity, Syracuse University’s D’Aniello Institute for Veterans and Military Families (IVMF) launched a research effort to gather insights on racial/ethnic disparities in healthcare access, quality of care and patient experiences, and health outcomes among veterans. This initiative is designed to address the critical gaps in our understanding of access to care and patient experiences across various care settings to promote health equity among veteran communities. Key Insights from Veterans of Color This effort represents one of the only studies that have collected information regarding barriers to care and patient experiences using a mixed-methods approach from a racially diverse sample of veterans who use systems of care outside of the VA. Findings below are based on data from 219 veteran survey respondents and 17 focus group participants that identified as veterans of color. 1 Barriers to Care 2 Patient Experiences 3 Cultura",Behavioral Health Center,https://ivmf.syracuse.edu/research-evaluation-and-cii/dashboards/behavioral-health-center/,Standard,0.545,
165,Asian Americans And Pacific Islanders In The Military From Service To Civilian Life,Manual URL list,https://ivmf.syracuse.edu/article/asian-americans-and-pacific-islanders-in-the-military-from-service-to-civilian-life/,200,https://ivmf.syracuse.edu/article/asian-americans-and-pacific-islanders-in-the-military-from-service-to-civilian-life/,Asian Americans and Pacific Islanders in the Military: From Service to Civilian Life - D'Aniello Institute for Veterans and Military Families,Asian Americans and Pacific Islanders in the Military: From Service to Civilian Life,,https://ivmf.syracuse.edu/article/asian-americans-and-pacific-islanders-in-the-military-from-service-to-civilian-life/,,2024-01-16T17:35:08+00:00,2512,7,11,6,0,0,"View The 2023 Release! This data brief provides key highlights for Asian American and Pacific Islanders service members and veterans. The information and statistics in this document are from various data collection efforts centered on military life, transition, employment, entrepreneurship, and higher education. Asian Americans and Pacific Islanders are one of the most culturally and linguistically diverse groups in the country (their heritage traces to over 30 different countries and ethnic groups and include over 100 languages and dialects). [1] [1] Taken from U.S. Department of Veterans Affairs (webpage). Asian American & Pacific Islander Asian American and Pacific Islander Special Emphasis Program. Retrieved from https://www.va.gov/ORMDI/DiversityInclusion/AAPI.asp If you are having trouble reading the screen captures below, please download the accessible plain-text version here . Download The Full PDF Key Highlights Population Veterans 0 Active Duty and Selected Reserve 0 Military",Veteran Women Igniting the Spirit of Entrepreneurship,https://ivmf.syracuse.edu/programs/entrepreneurship/startup/veteran-women-igniting-the-spirit-of-entrepreneurship/,Program,0.338,
166,Enhancing Veterans Access To STEM Education And Careers,Manual URL list,https://ivmf.syracuse.edu/article/enhancing-veterans-access-to-stem-education-and-careers/,200,https://ivmf.syracuse.edu/article/enhancing-veterans-access-to-stem-education-and-careers/,Enhancing Veterans’ Access to STEM Education and Careers: A Labor Market Analysis of Veterans in the STEM Workforce - D'Aniello Institute for Veterans and Military Families,Enhancing Veterans’ Access to STEM Education and Careers: A Labor Market Analysis of Veterans in the STEM Workforce,,https://ivmf.syracuse.edu/article/enhancing-veterans-access-to-stem-education-and-careers/,,2024-01-16T16:49:46+00:00,13579,30,7,10,0,0,"For the visual representation of this brief you can click here for the downloadable PDF Highlights of Full Report: 150+ pages of further findings and analysis from veterans in the STEM workforce Detailed findings and analysis of veterans in STEM within all 50 states Detailed findings and analysis of veterans in STEM within all metropolitan areas Detailed findings and analysis of the employment characteristics of veterans in STEM For the full report with more in-depth analysis about Veterans in the workforce click here The nation’s future and economic competitiveness hinge, more than ever, on our ability to develop, grow, and sustain a workforce proficient in science, technology, engineering and math (STEM). In the last decade alone, jobs requiring some level of STEM expertise have grown 34 percent—to include jobs that do not require a bachelor’s degree. At the same time, veterans and transitioning service members represent a valuable, skilled talent pool from which to help meet this cr",Career Education and Training,https://ivmf.syracuse.edu/about/career-education-and-training/,Standard,0.452,
167,Missing Perspectives Women In The Military From Service To Civilian Life 2022,Manual URL list,https://ivmf.syracuse.edu/article/missing-perspectives-women-in-the-military-from-service-to-civilian-life-2022/,200,https://ivmf.syracuse.edu/article/missing-perspectives-women-in-the-military-from-service-to-civilian-life-2022/,Missing Perspectives: Women in the Military - From Service to Civilian Life (2022) - D'Aniello Institute for Veterans and Military Families,Missing Perspectives: Women in the Military – From Service to Civilian Life (2022),,https://ivmf.syracuse.edu/article/missing-perspectives-women-in-the-military-from-service-to-civilian-life-2022/,,2022-04-08T14:30:51+00:00,3565,16,9,1,0,0,"Women have served in America’s wars and conflicts throughout our history. The contributions made by the women in the military both in and out of service cannot be overstated. Women in the military have used their skills and experiences from their military service to make achievements in their careers and their communities. Information and data in this document are from various sources centered on service experience, transition, employment, entrepreneurship, and higher education. If you are having trouble reading the screen captures below, please download the accessible plain-text version here . View The Full PDF A Few Key Takeaways Current Population of Women in the Military women active duty and select reserve members 0 + women veterans in the U.S. 0 M+ Top 3 Motivations for Military Service Educational benefits 62% Opportunity to pursue new experiences, adventure, or travel 58% Desire to serve country 53% Experiences for IAVA Women Veteran Members 7 out of 10 would recommend military",Veteran Women Igniting the Spirit of Entrepreneurship,https://ivmf.syracuse.edu/programs/entrepreneurship/startup/veteran-women-igniting-the-spirit-of-entrepreneurship/,Program,0.354,
168,Access To Capital And Resources Across Revenue Stages,Manual URL list,https://ivmf.syracuse.edu/article/access-to-capital-and-resources-across-revenue-stages/,200,https://ivmf.syracuse.edu/article/access-to-capital-and-resources-across-revenue-stages/,Military-Connected Small Business Profiles: Access to Capital and Resources Across Revenue Stages - D'Aniello Institute for Veterans and Military Families,Military-Connected Small Business Profiles: Access to Capital and Resources Across Revenue Stages,,https://ivmf.syracuse.edu/article/access-to-capital-and-resources-across-revenue-stages/,,2026-06-23T14:38:47+00:00,4020,10,6,5,0,0,"Read Full Brief This research brief presents a thorough analysis of the military-connected entrepreneurship ecosystem, detailing the progression of business development from inception to sustainability. Leveraging data from the NSMAE and bolstered by generous financial support from Walmart, it outlines the specific challenges and growth opportunities faced by military-affiliated small businesses. These challenges include navigating access to capital, overcoming operational hurdles, and seizing growth opportunities. This brief categorizes businesses into five stages—Foundational, Startup/Launch, Growth, Acceleration, and Sustainability—characterized by distinct financial conditions, operational challenges, and resource management strategies. It is important to note the complexity and non-linearity of business development stages. Business stages are not always sequential or discrete, and companies may operate across multiple stages concurrently, especially when exploring new products, se",ENT Resource,https://ivmf.syracuse.edu/resources/ent-resource/,Standard,0.338,
169,The Evolution Of The Veteran Employment Landscape,Manual URL list,https://ivmf.syracuse.edu/article/the-evolution-of-the-veteran-employment-landscape/,200,https://ivmf.syracuse.edu/article/the-evolution-of-the-veteran-employment-landscape/,The Evolution of the Veteran Employment Landscape - D'Aniello Institute for Veterans and Military Families,The Evolution of the Veteran Employment Landscape,,https://ivmf.syracuse.edu/article/the-evolution-of-the-veteran-employment-landscape/,,2024-01-09T01:42:18+00:00,1454,0,4,1,0,0,"Read The Brief Authors: Deborah A. Bradbard Ph.D. | Rosalinda V. Maury, M.S. The first in a series of three thought leadership briefs related to employing veterans and military families, The Evolution of the Veteran Employment Landscape explores veteran employment since September 11, 2001 (9/11). Key Highlights In the two decades since the extraordinary events of September 11, 2001 (9/11) took place, there has been a steady focus on ensuring that service members, veterans, and their families have access to meaningful employment opportunities once their military service ends. Proactive and sustained efforts have resulted in notable improvements in veterans’ employment services and programs particularly as they relate to the military transition of post-9/11 veterans. In this brief, we discuss five key highlights focused on post-9/11 veteran employment. Key Highlight #1: Combined private and public sector investments and interventions mattered—and still do today. Key Highlight #2: Transit",Entrepreneurship Bootcamp for Veterans Accelerate,https://ivmf.syracuse.edu/programs/entrepreneurship/growth/entrepreneurship-bootcamp-for-veterans-accelerate/,Program,0.408,
170,Hispanics Latinos In The Military The Path From Service To Veteran Entrepreneurship,Manual URL list,https://ivmf.syracuse.edu/article/hispanics-latinos-in-the-military-the-path-from-service-to-veteran-entrepreneurship/,200,https://ivmf.syracuse.edu/article/hispanics-latinos-in-the-military-the-path-from-service-to-veteran-entrepreneurship/,Hispanics & Latinos in the Military: The Path from Service to Veteran Entrepreneurship - D'Aniello Institute for Veterans and Military Families,Hispanics & Latinos in the Military: The Path from Service to Veteran Entrepreneurship,,https://ivmf.syracuse.edu/article/hispanics-latinos-in-the-military-the-path-from-service-to-veteran-entrepreneurship/,,2023-06-06T01:49:58+00:00,3939,8,10,1,0,0,"View Brief This brief provides highlights from the 2021 National Survey of Military-Affiliated Entrepreneurs (NSMAE) focusing on Hispanic, Latino/a/x, or Spanish origin (for example Mexican or Mexican American, Salvadoran, Puerto Rican, Dominican, Cuban, Colombian, etc.) veteran entrepreneurs. NSMAE monitors trends in the activity, needs, and economic, social, and policy barriers of military-affiliated entrepreneurs in the United States. This annual survey and forthcoming public dataset will be an enduring source of current insights for public and private sector leaders, policymakers, and community-based organization on systemic barriers to and drivers of entrepreneurial success among veterans and their family members. The findings in this brief are based on the data collected from 172 Hispanic, Latino/a/x, or Spanish origin veteran entrepreneurs, which represents 9.7% of the respondents in the 2021 survey. Read the accessible Word version of the data brief . To learn more about this s",Military Entrepreuneruship Forum,https://ivmf.syracuse.edu/resources/military-entrepreuneruship-forum/,Standard,0.417,
171,Access To Capital Challenges And Opportunities,Manual URL list,https://ivmf.syracuse.edu/article/access-to-capital-challenges-and-opportunities/,200,https://ivmf.syracuse.edu/article/access-to-capital-challenges-and-opportunities/,Veteran Entrepreneurship: Access to Capital Challenges and Opportunities - D'Aniello Institute for Veterans and Military Families,D'Aniello Institute for Veterans and Military Families,,https://ivmf.syracuse.edu/article/access-to-capital-challenges-and-opportunities/,,2024-01-16T16:54:53+00:00,4607,3,126,10,0,2,Skip to content About IVMF History Team Why Syracuse University Programs Entrepreneurship Getting Started Ideation Start Up Growth Resources and Initiatives Career Training Getting Started O2O By The Numbers About O2O Learning Pathways O2O Locations O2O Admission Employer Partners FAQ Higher Education Apply Our Programs Apply to O2O EBV Application EBV-F Application EBV Accelerate Application V-WISE Application Research + Analytics + Policy About IVMF Research & Analytics Team Applied Research Research Projects Evaluation & Analytics Projects Policy Engagement Data Insights & Tools Data Philosophy Data Strategy Veterans Strategic Analysis & Research Tool (V-START) Our Publications Support IVMF Alumni News D'Aniello Institute for Veterans and Military Families Menu Contact Digital Library Support IVMF Alumni search Search IVMF Search for × About IVMF Team History Bunker Labs: A Legacy of Impact Impact Careers National Veterans Resource Center Why Syracuse University Partners & Funders P,Certifications and Learning Pathways,https://ivmf.syracuse.edu/programs/o2o/certifications-and-learning-pathways/,Standard,0.439,
172,Caregiving In Military Families,Manual URL list,https://ivmf.syracuse.edu/article/caregiving-in-military-families/,200,https://ivmf.syracuse.edu/article/caregiving-in-military-families/,Caregiving In Military Families - D'Aniello Institute for Veterans and Military Families,Caregiving In Military Families,"Caregiving in Military Families, a special report created in collaboration with the Rosalynn Carter Institute for Caregivers, examines these two circumstances in combination: caregiving in military families. For the first time, you can get an unprecedented view of this special population through a focused exploration of data from the 2020 Military Family Lifestyle Survey. Learn how many military families are caregiving, who military caregivers are and who they are caring for, how the military lifestyle affects caregiving, and more.",https://ivmf.syracuse.edu/article/caregiving-in-military-families/,,2021-07-09T19:49:44+00:00,4827,3,5,1,0,0,"Authors: From the Department of Applied Research at Blue Star Families in partnership with the Rosalynn Carter Institute for Caregivers, supported by the Institute of Veterans and Military Families at Syracuse University. Introduction: Caregiving in Military Families, a special report by Blue Star Families created in collaboration with the Rosalynn Carter Institute for Caregivers and supported by the Institute for Veterans and Military Families, examines these two circumstances in combination: caregiving in military families. For the first time, you can get an unprecedented view of this special population through a focused exploration of data from the 2020 Military Family Lifestyle Survey. Learn how many military families are caregiving, who military caregivers are and who they are caring for, how the military lifestyle affects caregiving, and more. Executive Summary: Read The Full Report Blue Star Families’ annual Military Family Lifestyle Survey (aMFLS) has been providing a comprehen",CII Community of Practice,https://ivmf.syracuse.edu/research-evaluation-and-cii/cii/cii-community-of-practice/,Standard,0.429,
173,Helping Military Spouses Find Careers That Move With Them,Manual URL list,https://ivmf.syracuse.edu/article/helping-military-spouses-find-careers-that-move-with-them/,200,https://ivmf.syracuse.edu/article/helping-military-spouses-find-careers-that-move-with-them/,Helping Military Spouses Find Careers that Move with Them - D'Aniello Institute for Veterans and Military Families,Helping Military Spouses Find Careers that Move with Them,,https://ivmf.syracuse.edu/article/helping-military-spouses-find-careers-that-move-with-them/,,2024-01-16T16:54:05+00:00,2890,0,3,1,0,0,"Read The full brief See The Full Series Authors: Deborah A. Bradbard, Ph.D. Rachel Linsner, M.S. Rosalinda Maury, M.S. Amber Pitoniak, LMSW, B.S. Helping Military Spouses Find Careers that Move with Them focuses on job portability and what employers can do to not only recruit but also retain military spouse employees when they relocate. This study defines job portability, identifies gaps, and offers guidance to military spouses and potential employers. In collaboration with Prudential Financial, Inc. (NYSE:PRU), Helping Military Spouses Find Careers that Move with Them is #6 in a series of research products, focused on military spouse employment. This Paper Explores Relevant issues that apply to military spouse job portability Barriers to sustained employment related to relocation and job portability The essential role employers play in ensuring a workplace is “military spouse friendly” How employers can benefit from job portability by retaining talent Challenges that accompany the Sta",Military Founders Lab,https://ivmf.syracuse.edu/programs/entrepreneurship/startup/military-founders-lab/,Program,0.462,
174,Improving Care And Service Delivery For Veterans,Manual URL list,https://ivmf.syracuse.edu/article/improving-care-and-service-delivery-for-veterans/,200,https://ivmf.syracuse.edu/article/improving-care-and-service-delivery-for-veterans/,Improving Care and Service Delivery for Veterans: A Case Study of Enterprise Government Overview - D'Aniello Institute for Veterans and Military Families,Improving Care and Service Delivery for Veterans: A Case Study of Enterprise Government Overview,"What follows are the building blocks, recommendations, and key actions steps to creating an enterprise Approach to Serving Veterans.",https://ivmf.syracuse.edu/article/improving-care-and-service-delivery-for-veterans/,,2019-10-29T15:08:53+00:00,10000,12,3,0,0,0,"The transition from military to civilian life presents many challenges for today’s Veterans. Today, the U.S. has been at war for 17 years in the wake of 9/11 terrorist attacks, with 3.5 million Americans having served in post-9/11 conflicts. Over the past century, a patchwork of organizations and services have evolved to support returning veterans and their families. The Veterans Affairs Department is of course largest and most well-known, but other federal agencies also provide services, including the departments of Defense, Labor, Education, Health and Human Services and the Small Business Administration. States and many localities, along with more than 40,000 veteran-serving nonprofits and other charitable institutions also provide a wide range of services and care. The reality that multiple federal agencies, along with their state and community partners, play a role in veterans’ successful transition out of the military and into the civilian world makes coordination in service deli",CII America Serves,https://ivmf.syracuse.edu/research-evaluation-and-cii/cii/cii-america-serves/,Standard,0.394,
175,February 2022 Data Brief Black And African American Veteran Entrepreneurs,Manual URL list,https://ivmf.syracuse.edu/article/february-2022-data-brief-black-and-african-american-veteran-entrepreneurs/,200,https://ivmf.syracuse.edu/article/february-2022-data-brief-black-and-african-american-veteran-entrepreneurs/,February 2022 Data Brief: Black and African American Veteran Entrepreneurs - D'Aniello Institute for Veterans and Military Families,February 2022 Data Brief: Black and African American Veteran Entrepreneurs,,https://ivmf.syracuse.edu/article/february-2022-data-brief-black-and-african-american-veteran-entrepreneurs/,,2024-01-12T05:21:33+00:00,2030,6,6,1,0,0,"Authors : Rosalinda Maury, M.S. | Mirza Tihic, Ph.D. | Ruohan Feng View the brief This brief provides highlights from the 2021 National Survey of Military-Affiliated Entrepreneurs (NSMAE) focusing on Black and African American veteran entrepreneurs. These findings are based on data collected from 327 Black and African American veteran entrepreneurs, which represents 21% of the respondents that answered the race/ethnicity question of the 2021 survey. This annual survey monitors trends in the activity, needs, as well as the economic, social, and policy barrier of military affiliated entrepreneurs in the United States. These findings will be an enduring source of current insights for public and private sector leaders, policymakers, and community-based organizations on systemic barriers to and drivers of entrepreneurial success among Black and African American veterans and their family members. If you are having trouble reading the screen captures below, please download the accessible plai",Career Education and Training,https://ivmf.syracuse.edu/about/career-education-and-training/,Standard,0.333,
176,2020 National Survey Of Military Affiliated Entrepreneurs Research Report,Manual URL list,https://ivmf.syracuse.edu/article/2020-national-survey-of-military-affiliated-entrepreneurs-research-report/,200,https://ivmf.syracuse.edu/article/2020-national-survey-of-military-affiliated-entrepreneurs-research-report/,2020 National Survey of Military-Affiliated Entrepreneurs Research Report - D'Aniello Institute for Veterans and Military Families,2020 National Survey of Military-Affiliated Entrepreneurs Research Report,"The NSMAE is a multi-year, annual and longitudinal study of veteran and military spouse entrepreneurs. This effort is one of the first national initiatives to develop data-driven research focused on military-affiliated entrepreneurship. It seeks to gain better insights and understanding of military-affiliated entrepreneurs and identify economic, political, and socio-cultural factors that serve as barriers to entrepreneurship for military-affiliated individuals.",https://ivmf.syracuse.edu/article/2020-national-survey-of-military-affiliated-entrepreneurs-research-report/,,2024-01-12T05:52:20+00:00,5205,4,8,1,0,0,"View The Report Authors : Rosalinda V. Maury | Mirza Tihic | Kicia Sears | Alexander McKelvie | Najla Almissalati Highlights from the National Survey of Military-Affiliated Entrepreneurship Research Report This report is the result of the first year of data collection from our National Survey of Military-Affiliated Entrepreneurs – a multi-year, annual and longitudinal study of veteran and military spouse entrepreneurs. Overall, the findings from this report corroborate previous research asserting there is a noteworthy relationship between military service and entrepreneurship. Veteran entrepreneurs are motivated to be independent, creative, innovative, and to serve society and support their communities. On the other hand, they experience an array of barriers to include access to capital, difficulty navigating resources, certification process hurdles, and lack assistance from medical and disability service providers. This study reveals success or failure does not depend on one, but rath",Military Entrepreuneruship Forum,https://ivmf.syracuse.edu/resources/military-entrepreuneruship-forum/,Standard,0.457,
177,Data Brief Women Veteran Entrepreneurs,Manual URL list,https://ivmf.syracuse.edu/article/data-brief-women-veteran-entrepreneurs/,200,https://ivmf.syracuse.edu/article/data-brief-women-veteran-entrepreneurs/,Data Brief: Women Veteran Entrepreneurs - D'Aniello Institute for Veterans and Military Families,Data Brief: Women Veteran Entrepreneurs,,https://ivmf.syracuse.edu/article/data-brief-women-veteran-entrepreneurs/,,2024-01-16T17:31:07+00:00,1837,1,6,1,0,0,"View The Brief Authors: Rosalinda Maury, M.S. | Mirza Tihic, Ph.D. | Najla Almissalati This brief provides highlights from the 2020 National Survey of Military-Affiliated Entrepreneurs focusing on female veteran entrepreneurs. These findings are based on the data collected from 432 female veteran entrepreneurs, which represents 27% of the respondents that answered the gender question of the 2020 survey. This study monitors trends in the activity, needs, and economic, social, and policy barriers of military-affiliated entrepreneurs in the United States. This annual survey and forthcoming public dataset will be an enduring source of current insights for public and private sector leaders, policymakers, and community-based organization on systemic barriers to and drivers of entrepreneurial success among female veterans and their family members. To learn more about this study and other briefs, publications, and presentations, please visit our National Survey of Military-Affiliated Entrepren",Veteran Women Igniting the Spirit of Entrepreneurship,https://ivmf.syracuse.edu/programs/entrepreneurship/startup/veteran-women-igniting-the-spirit-of-entrepreneurship/,Program,0.527,
178,Advancing Military Connected Entrepreneurship,Manual URL list,https://ivmf.syracuse.edu/article/advancing-military-connected-entrepreneurship/,200,https://ivmf.syracuse.edu/article/advancing-military-connected-entrepreneurship/,Advancing Military-Connected Entrepreneurship - D'Aniello Institute for Veterans and Military Families,Advancing Military-Connected Entrepreneurship,,https://ivmf.syracuse.edu/article/advancing-military-connected-entrepreneurship/,,2024-10-16T19:08:07+00:00,8768,14,12,7,0,0,"Summit Overview Research Brief The Advancing Military-Connected Entrepreneurship Initiative, funded by Walmart, aims to enhance the entrepreneurship ecosystem and support veterans, military spouses, and other military-connected business owners as they develop their businesses. From Summit to Action At the 2024 Veteran EDGE conference, IVMF Research and Walmart partnered to host a workshop called The Military-Connected Entrepreneurship Ecosystem: Growth, Empowerment, and Connectivity Summit. This summit brought together 13 corporate or business ecosystem partners and 51 military-connected business owners to discuss opportunities and challenges with doing business in the private sector across four topic areas. Within each area the summit identified key implications for military-connected businesses, veteran entrepreneurship programs, corporate partners, and opportunities for collaboration. 1 Enhancing Access & Readiness for Corporate Procurement 2 Ecosystem Integration & Collaboration 3 ",Military Entrepreuneruship Forum,https://ivmf.syracuse.edu/resources/military-entrepreuneruship-forum/,Standard,0.623,
179,Veteran Certification Debunking Myths And Streamlining Processes,Manual URL list,https://ivmf.syracuse.edu/article/veteran-certification-debunking-myths-and-streamlining-processes/,200,https://ivmf.syracuse.edu/article/veteran-certification-debunking-myths-and-streamlining-processes/,Veteran Certification: Debunking Myths and Streamlining Processes - D'Aniello Institute for Veterans and Military Families,Veteran Certification: Debunking Myths and Streamlining Processes,,https://ivmf.syracuse.edu/article/veteran-certification-debunking-myths-and-streamlining-processes/,,,334,0,2,1,0,0,"Read Full Report This paper affirms the continued intent of the IVMF and CVOB to demystify and help streamline the VOB certification process by advocating for the establishment of either one nationally recognized certification, or a unified verification process where all certifying bodies work together towards a reciprocal solution.",Certifications and Learning Pathways,https://ivmf.syracuse.edu/programs/o2o/certifications-and-learning-pathways/,Standard,0.560,
180,National Survey Of Military Affiliated Entrepreneurs,Manual URL list,https://ivmf.syracuse.edu/article/national-survey-of-military-affiliated-entrepreneurs/,200,https://ivmf.syracuse.edu/article/national-survey-of-military-affiliated-entrepreneurs/,National Survey of Military-Affiliated Entrepreneurs: 2020 Key Highlights - D'Aniello Institute for Veterans and Military Families,D'Aniello Institute for Veterans and Military Families,"The IVMF National Survey of Military Affiliated Entrepreneurs monitors trends in the activity, needs, and economic, social, and policy barriers of military-affiliated entrepreneurs in the United States. In its inaugural year, the intent was to draw from a cross-sectional sample of over 2,500 veteran entrepreneurs. Future surveys will also track trends and pressing issues. For example, in 2020 the survey was updated to focus on such COVID-19. All NSMAE surveys and forthcoming public datasets will be an enduring source of current insights for public and private sector leaders, policymakers, and community-based organization on systemic barriers to and drivers of entrepreneurial success among veterans and their family members.",https://ivmf.syracuse.edu/article/national-survey-of-military-affiliated-entrepreneurs/,,2022-05-25T18:52:57+00:00,8840,24,129,10,0,2,Skip to content About IVMF History Team Why Syracuse University Programs Entrepreneurship Getting Started Ideation Start Up Growth Resources and Initiatives Career Training Getting Started O2O By The Numbers About O2O Learning Pathways O2O Locations O2O Admission Employer Partners FAQ Higher Education Apply Our Programs Apply to O2O EBV Application EBV-F Application EBV Accelerate Application V-WISE Application Research + Analytics + Policy About IVMF Research & Analytics Team Applied Research Research Projects Evaluation & Analytics Projects Policy Engagement Data Insights & Tools Data Philosophy Data Strategy Veterans Strategic Analysis & Research Tool (V-START) Our Publications Support IVMF Alumni News D'Aniello Institute for Veterans and Military Families Menu Contact Digital Library Support IVMF Alumni search Search IVMF Search for × About IVMF Team History Bunker Labs: A Legacy of Impact Impact Careers National Veterans Resource Center Why Syracuse University Partners & Funders P,Military Entrepreuneruship Forum,https://ivmf.syracuse.edu/resources/military-entrepreuneruship-forum/,Standard,0.500,
181,Key Insights From The 2021 National Survey Of Military Affiliated Entrepreneurs,Manual URL list,https://ivmf.syracuse.edu/article/key-insights-from-the-2021-national-survey-of-military-affiliated-entrepreneurs/,200,https://ivmf.syracuse.edu/article/key-insights-from-the-2021-national-survey-of-military-affiliated-entrepreneurs/,Key Insights from the 2021 National Survey of Military-Affiliated Entrepreneurs - D'Aniello Institute for Veterans and Military Families,D'Aniello Institute for Veterans and Military Families,,https://ivmf.syracuse.edu/article/key-insights-from-the-2021-national-survey-of-military-affiliated-entrepreneurs/,,2024-01-16T17:39:24+00:00,10465,39,131,11,0,2,Skip to content About IVMF History Team Why Syracuse University Programs Entrepreneurship Getting Started Ideation Start Up Growth Resources and Initiatives Career Training Getting Started O2O By The Numbers About O2O Learning Pathways O2O Locations O2O Admission Employer Partners FAQ Higher Education Apply Our Programs Apply to O2O EBV Application EBV-F Application EBV Accelerate Application V-WISE Application Research + Analytics + Policy About IVMF Research & Analytics Team Applied Research Research Projects Evaluation & Analytics Projects Policy Engagement Data Insights & Tools Data Philosophy Data Strategy Veterans Strategic Analysis & Research Tool (V-START) Our Publications Support IVMF Alumni News D'Aniello Institute for Veterans and Military Families Menu Contact Digital Library Support IVMF Alumni search Search IVMF Search for × About IVMF Team History Bunker Labs: A Legacy of Impact Impact Careers National Veterans Resource Center Why Syracuse University Partners & Funders P,Veteran Women Igniting the Spirit of Entrepreneurship,https://ivmf.syracuse.edu/programs/entrepreneurship/startup/veteran-women-igniting-the-spirit-of-entrepreneurship/,Program,0.439,
182,Veteran Entrepreneurship Across Urban Rural Places 2022,Manual URL list,https://ivmf.syracuse.edu/article/veteran-entrepreneurship-across-urban-rural-places-2022/,200,https://ivmf.syracuse.edu/article/veteran-entrepreneurship-across-urban-rural-places-2022/,Veteran Entrepreneurship Across Urban & Rural Places (2022) - D'Aniello Institute for Veterans and Military Families,Veteran Entrepreneurship Across Urban & Rural Places (2022),,https://ivmf.syracuse.edu/article/veteran-entrepreneurship-across-urban-rural-places-2022/,,2023-08-29T18:08:25+00:00,5381,11,9,1,0,0,"View Brief This research brief compares the experiences of rural and urban entrepreneurs using data from the 2022 National Survey of Military-Affiliated Entrepreneurs . Local business and entrepreneurial ecosystems are often keys to the success of veteran entrepreneurs. Entrepreneurial resources assist with the cultivation and effective utilization of social connections, the identification of suitable mentors for success, access to appropriate financial resources, and the acquisition and application of business acumen and management proficiencies. The specific dynamics of a particular geography are unique, however one way to examine differences between places is to consider the differences between urban and rural places. This research brief provides insights into the different experiences of veteran entrepreneurs across place – both strengths and weaknesses, for urban, rural, and sub-categories of rural places. A Few Key Takeaways Population 3 of 17 million veterans in the U.S. live in",Entrepreneurship Bootcamp for Veterans,https://ivmf.syracuse.edu/programs/entrepreneurship/growth/entrepreneurship-bootcamp-for-veterans/,Program,0.516,
183,A Case For Patient Philanthropy,Manual URL list,https://ivmf.syracuse.edu/article/a-case-for-patient-philanthropy/,200,https://ivmf.syracuse.edu/article/a-case-for-patient-philanthropy/,"A Case for Patient Philanthropy, Supporting Jobs and Careers for Military-Connected Americans - D'Aniello Institute for Veterans and Military Families","A Case for Patient Philanthropy, Supporting Jobs and Careers for Military-Connected Americans",,https://ivmf.syracuse.edu/article/a-case-for-patient-philanthropy/,,2024-01-16T16:52:31+00:00,3263,7,1,1,0,0,"Sheri and Howard Schultz at a family forum at Joint Base Lewis-McChord outside Seattle​ Research consistently demonstrates that post-service employment ranks among the most pressing concerns expressed by military members, veterans, and their families. One of the foundational assumptions of the all-volunteer military is the proposition that the military service experience confers to volunteers certain post-service advantages, to include an accelerated and enhanced pathway to civilian employment after service. However, despite an economy approaching full employment, many veterans still struggle to successfully navigate the civilian world of work. The costs and consequences associated with a failed or sub-optimal employment transition—for the service member, his or her family, and for society—are often catastrophic.This paper details an exemplar case of partnership and philanthropic engagement, positioned to fundamentally transform the means and expectations associated with the employment",Career Education and Training,https://ivmf.syracuse.edu/about/career-education-and-training/,Standard,0.467,
184,2021 Data Brief Black And African American Veteran Entrepreneurs,Manual URL list,https://ivmf.syracuse.edu/article/2021-data-brief-black-and-african-american-veteran-entrepreneurs/,200,https://ivmf.syracuse.edu/article/2021-data-brief-black-and-african-american-veteran-entrepreneurs/,2021 Data Brief: Black and African American Veteran Entrepreneurs - D'Aniello Institute for Veterans and Military Families,2021 Data Brief: Black and African American Veteran Entrepreneurs,,https://ivmf.syracuse.edu/article/2021-data-brief-black-and-african-american-veteran-entrepreneurs/,,2024-01-16T17:30:06+00:00,1311,1,6,1,0,0,"View The Brief Authors: Rosalinda Maury, M.S. | Mirza Tihic, Ph.D. | Najla Almissalati This brief provides highlights from the 2020 National Survey of Military-Affiliated Entrepreneurs study focusing on Black and African American veteran entrepreneurs. These findings are based on the data collected from 333 Black and African American veteran entrepreneurs, which represents 21% of the respondents that answered the race/ethnicity question of the 2020 survey. This study monitors trends in the activity, needs, and economic, social, and policy barriers of military-affiliated entrepreneurs in the United States. To learn more about this study and other briefs, publications, and presentations, please visit our National Survey of Military-Affiliated Entrepreneurs Page . A Few Key Takeaways 51% of Black Veteran Entrepreneurs started their business to be a financially independent yet 52% lacked initial capital 43% of Black Veteran Entrepreneurs started their business to help society and support t",Veteran Women Igniting the Spirit of Entrepreneurship,https://ivmf.syracuse.edu/programs/entrepreneurship/startup/veteran-women-igniting-the-spirit-of-entrepreneurship/,Program,0.359,
185,Veterans Program For Politics And Civic Engagement Transparency Report 2021,Manual URL list,https://ivmf.syracuse.edu/article/veterans-program-for-politics-and-civic-engagement-transparency-report-2021/,200,https://ivmf.syracuse.edu/article/veterans-program-for-politics-and-civic-engagement-transparency-report-2021/,Veterans Program for Politics and Civic Engagement: Transparency Report 2021 - D'Aniello Institute for Veterans and Military Families,Veterans Program for Politics and Civic Engagement: Transparency Report 2021,,https://ivmf.syracuse.edu/article/veterans-program-for-politics-and-civic-engagement-transparency-report-2021/,,2024-01-16T17:33:11+00:00,4845,10,4,3,0,0,"Below are a few key takeaways and highlights from the report. But make sure you view the full report for all the details on Veterans Program for Politics and Civic Engagement. View Full Transparency Report Program Overview The Veterans Program for Politics and Civic Engagement (VPPCE) is an intensive, non-partisan training program for veterans and military spouses with an interest in pursuing careers in politics. Launched in 2019, the program is a collaboration between Syracuse University’s Institute for Veterans and Military Families (IVMF) and the top-ranked Maxwell School of Citizenship and Public Affairs. The curriculum is tailored to help participants explore careers in politics, prepare them to run a campaign, and succeed thereafter. Most importantly, the program facilitates those who previously served in our nation’s defense to continue a second career in public service. Need Veteran representation in political offices across the United States has been on a sharp decline for the",Veteran Women Igniting the Spirit of Entrepreneurship,https://ivmf.syracuse.edu/programs/entrepreneurship/startup/veteran-women-igniting-the-spirit-of-entrepreneurship/,Program,0.406,
186,Cybercrime Risk In The Military Community,Manual URL list,https://ivmf.syracuse.edu/article/cybercrime-risk-in-the-military-community/,200,https://ivmf.syracuse.edu/article/cybercrime-risk-in-the-military-community/,Cybercrime Risk in the Military Community: What Do We Know? - D'Aniello Institute for Veterans and Military Families,Cybercrime Risk in the Military Community: What Do We Know?,,https://ivmf.syracuse.edu/article/cybercrime-risk-in-the-military-community/,,2023-04-11T15:46:56+00:00,1173,0,2,1,0,0,"View Full Report Some data suggest that members of the military community are disproportionately impacted by cybercrime, report more incidents, and incur greater losses. Although the overall rate of cybercrimes has increased in recent years within the U.S. and globally, there are several reasons to speculate on why military-connected persons might be targeted. Like civilians, service members, veterans, and their families rely on the internet to conduct professional and personal business, connect socially, store information, and manage their personal finances. Unlike civilians, however, military members and their families also move frequently, have access to valuable military conferred benefits (e.g., retirement, education, health care), and exhibit more trust of philanthropic organizations, making them easy targets for scammers. Moreover, deployed service members often experience greater difficulty to continuously monitor suspicious activity on their accounts. Finally, military-connect",Find a Community,https://ivmf.syracuse.edu/resources/find-a-community/,Standard,0.491,
